{
  "type": "chest",
  "pools": [
    {
      "rolls": {
        "type": "minecraft:uniform",
        "min": 1,
        "max": 3
      },
      "entries": [
        {
          "type": "minecraft:item",
          "name": "minecraft:chain",
          "weight": 1,
          "functions": [
            {
              "function": "minecraft:set_count",
              "count": {
                "type": "minecraft:uniform",
                "min": 1,
                "max": 3
              }
            }
          ]
        },
        {
          "type": "minecraft:item",
          "name": "minecraft:iron_nugget",
          "weight": 1,
          "functions": [
            {
              "function": "minecraft:set_count",
              "count": {
                "type": "minecraft:uniform",
                "min": 1,
                "max": 18
              }
            }
          ]
        },
        {
          "type": "item",
          "weight": 1,
          "name": "minecraft:player_head",
          "functions": [
            {
              "function": "set_count",
              "count": 1
            },
            {
              "function": "minecraft:set_components",
              "components": {
                "minecraft:custom_name": {"text":"Limbo Ingot"},
                "minecraft:profile": {
                  "name": "",
                  "id": [1693548367, -1796127120, -1291027844, 980512916],
                  "properties": [
                    {
                      "name": "textures",
                      "value": "eyJ0ZXh0dXJlcyI6eyJTS0lOIjp7InVybCI6Imh0dHA6Ly90ZXh0dXJlcy5taW5lY3JhZnQubmV0L3RleHR1cmUvMTlmMjMzMGFkMjg0NmVjNmM4ZTFjZTAyNTg5ZjA3ZjJmNzU5N2I1YTk3NzU5OWI2ZGI3YzM0NGNhNDRhMTI3NiJ9fX0="
                    }
                  ]
                }
              }
            }
          ]
        }
      ]
    }
  ]
}
