{
  "type": "minecraft:chest",
  "pools": [
    {
      "rolls": {
        "type": "minecraft:uniform",
        "min": 3,
        "max": 5
      },
      "bonus_rolls": 0,
      "entries": [
        {
          "type": "minecraft:item",
          "weight": 20,
          "name": "minecraft:flint",
          "functions": [
            {
              "function": "minecraft:set_count",
              "count": {
                "type": "minecraft:uniform",
                "min": 1,
                "max": 5
              },
              "add": false
            }
          ]
        },
        {
          "type": "minecraft:item",
          "weight": 30,
          "name": "minecraft:skeleton_skull",
          "functions": [
            {
              "function": "minecraft:set_count",
              "count": {
                "type": "minecraft:uniform",
                "min": {
                  "type": "minecraft:uniform",
                  "min": 1,
                  "max": 2
                },
                "max": {
                  "type": "minecraft:uniform",
                  "min": 3,
                  "max": 5
                }
              },
              "add": false
            }
          ]
        },
        {
          "type": "minecraft:item",
          "weight": 25,
          "name": "minecraft:tipped_arrow",
          "functions": [
            {
              "function": "minecraft:set_count",
              "count": {
                "type": "minecraft:uniform",
                "min": 1,
                "max": 5
              }
            },
            {
              "function": "minecraft:set_components",
              "components": {
                "minecraft:potion_contents": "minecraft:long_poison"
              }
            }
          ]
        },
        {
          "type": "minecraft:item",
          "weight": 3,
          "name": "minecraft:wither_skeleton_skull",
          "functions": [
            {
              "function": "minecraft:set_count",
              "count": 1,
              "add": false
            }
          ]
        },
        {
          "type": "minecraft:item",
          "weight": 20,
          "name": "minecraft:tipped_arrow",
          "functions": [
            {
              "function": "minecraft:set_count",
              "count": {
                "type": "minecraft:uniform",
                "min": 1,
                "max": 4
              },
              "add": false
            },
            {
              "function": "minecraft:set_components",
              "components": {
                "minecraft:potion_contents": "minecraft:slowness"
              }
            }
          ]
        },
        {
          "type": "minecraft:item",
          "weight": 15,
          "name": "minecraft:tipped_arrow",
          "functions": [
            {
              "function": "minecraft:set_count",
              "count": {
                "type": "minecraft:uniform",
                "min": 1,
                "max": 3
              }
            },
            {
              "function": "minecraft:set_components",
              "components": {
                "minecraft:potion_contents": "minecraft:weakness"
              }
            }
          ]
        }
      ]
    },
    {
      "rolls": {
        "type": "minecraft:uniform",
        "min": 1,
        "max": 3
      },
      "entries": [
        {
          "type": "minecraft:empty",
          "weight": 5
        },
        {
          "type": "minecraft:item",
          "weight": 15,
          "name": "minecraft:player_head",
          "functions": [
            {
              "function": "minecraft:set_count",
              "count": {
                "type": "minecraft:uniform",
                "min": 1,
                "max": 3
              }
            },
            {
              "function": "minecraft:set_components",
              "components": {
                "minecraft:custom_name": {"text":"Limbo Scrap"},
                "minecraft:profile": {
                  "name": "",
                  "id": [-151654150, -1232777770, -1450101796, -1929274837],
                  "properties": [
                    {
                      "name": "textures",
                      "value": "eyJ0ZXh0dXJlcyI6eyJTS0lOIjp7InVybCI6Imh0dHA6Ly90ZXh0dXJlcy5taW5lY3JhZnQubmV0L3RleHR1cmUvZmFkYzRhMDI0NzE4ZDQwMWVlYWU5ZTk1YjNjOTI3NjdmOTE2ZjMyM2M5ZTgzNjQ5YWQxNWM5MjY1ZWU1MDkyZiJ9fX0="
                    }
                  ]
                }
              }
            }
          ]
        },
        {
          "type": "minecraft:item",
          "weight": 5,
          "name": "minecraft:coal",
          "functions": [
            {
              "function": "minecraft:set_count",
              "count": {
                "type": "minecraft:uniform",
                "min": 5,
                "max": 10
              },
              "add": false
            }
          ]
        },
        {
          "type": "minecraft:item",
          "weight": 1,
          "name": "minecraft:saddle",
          "functions": [
            {
              "function": "minecraft:set_count",
              "count": 1,
              "add": false
            }
          ]
        },
        {
          "type": "minecraft:item",
          "weight": 2,
          "name": "minecraft:basalt",
          "functions": [
            {
              "function": "minecraft:set_count",
              "count": {
                "type": "minecraft:uniform",
                "min": 5,
                "max": 25
              },
              "add": false
            }
          ]
        }
      ]
    }
  ]
}
