{
    "criteria": {
      "linkbook_write": {
        "trigger": "minecraft:using_item",
        "conditions": {
          "player": {
            "equipment": {
              "mainhand": {
                "predicates": {
                  "minecraft:custom_data": {
                    "unlinkbook": true
                  }
                }
              }
            }
          },
          "item": {
            "predicates": {
                "minecraft:custom_data": {"unlinkbook": true}
              }
          }
        }
      }
    },
    "requirements": [
      [
        "linkbook_write"
      ]
    ],
    "rewards": {
      "function": "mystcraft:linkbook/link_crafting_wait"
    },
    "sends_telemetry_event": true
  }