{
    "criteria": {
      "playerbook_use": {
        "trigger": "minecraft:using_item",
        "conditions": {
          "player": {
            "equipment": {
              "mainhand": {
                "predicates": {
                  "minecraft:custom_data": {
                    "playerbook": true
                  }
                }
              }
            }
          },
          "item": {
            "predicates": {
                "minecraft:custom_data": {"playerbook":true}
              }
          }
        }
      }
    },
    "requirements": [
      [
        "playerbook_use"
      ]
    ],
    "rewards": {
      "function": "mystcraft:playerbook/playerbook_tp"
    },
    "sends_telemetry_event": true
  }