{
    "criteria": {
      "use_link_on_lectern": {
        "conditions": {
          "location": [
            {
              "condition": "minecraft:block_state_property",
              "block": "minecraft:lectern",
              "properties": {
                "has_book": "false"
              }
            },
            {
              "condition": "minecraft:entity_properties",
              "entity": "this",
              "predicate": {
                "slots": {
                  "weapon.mainhand": {
                    "items": "minecraft:enchanted_book",
                    "predicates": {
                      "minecraft:custom_data": {"linkbook":true}
                    }
                  }
                }
              }
            }
          ]
        },
        "trigger": "minecraft:default_block_use"
      }
    },
    "requirements": [
      [
        "use_link_on_lectern"
      ]
    ],
    "rewards": {
      "function": "mystcraft:linklectern/create_writtenlink"
    },
    "sends_telemetry_event": true
  }