{
    "type": "minecraft:block",
    "pools": [
      {
        "rolls": 1,
        "bonus_rolls": 0,
        "entries": [
          {
            "type": "minecraft:alternatives",
            "children": [
              {
                "type": "minecraft:item",
                "name": "minecraft:gravel",
                "conditions": [
                  {
                    "condition": "minecraft:match_tool",
                    "predicate": {
                      "enchantments": [
                        {
                          "enchantment": "minecraft:silk_touch",
                          "levels": {
                            "min": 1
                          }
                        }
                      ]
                    }
                  }
                ]
              },
              {
                "type": "minecraft:alternatives",
                "children": [
                  {
                    "type": "minecraft:item",
                    "name": "minecraft:flint",
                    "conditions": [
                      {
                        "condition": "minecraft:table_bonus",
                        "enchantment": "minecraft:fortune",
                        "chances": [
                          0.1,
                          0.14285715,
                          0.25,
                          1
                        ]
                      }
                    ]
                  },
                  {
                    "type": "minecraft:item",
                    "name": "minecraft:gravel"
                  }
                ],
                "conditions": [
                  {
                    "condition": "minecraft:survives_explosion"
                  }
                ]
              }
            ]
          }
        ]
      }
    ],
    "random_sequence": "minecraft:blocks/gravel"
  }
  