{
  "argument": {
    "argument": {
      "argument1": 10.0,
      "argument2": {
        "argument1": {
          "type": "minecraft:blend_alpha"
        },
        "argument2": {
          "argument1": -10.0,
          "argument2": {
            "spline": {"coordinate":"minecraft:overworld/continents","points":[{"location":-0.19,"derivative":0,"value":{"coordinate":"minecraft:overworld/erosion","points":[{"location":-0.6,"derivative":0,"value":{"coordinate":"minecraft:overworld/ridges","points":[{"location":0,"value":3.95,"derivative":0}]}}]}},{"location":-0.15,"derivative":0,"value":{"coordinate":"minecraft:overworld/erosion","points":[{"location":-0.6,"derivative":0,"value":{"coordinate":"minecraft:overworld/ridges","points":[{"location":-0.2,"value":6.3,"derivative":0},{"location":0.2,"value":6.25,"derivative":0}]}},{"location":-0.5,"derivative":0,"value":{"coordinate":"minecraft:overworld/ridges","points":[{"location":-0.05,"value":6.3,"derivative":0}]}},{"location":-0.35,"derivative":0,"value":{"coordinate":"minecraft:overworld/ridges","points":[{"location":-0.2,"value":6.3,"derivative":0},{"location":0.2,"value":6.25,"derivative":0}]}},{"location":-0.25,"derivative":0,"value":{"coordinate":"minecraft:overworld/ridges","points":[{"location":-0.2,"value":6.3,"derivative":0},{"location":0.2,"value":6.25,"derivative":0}]}},{"location":-0.1,"derivative":0,"value":{"coordinate":"minecraft:overworld/ridges","points":[{"location":-0.05,"value":4.237371888726207,"derivative":0},{"location":0.05,"value":6.3,"derivative":0}]}},{"location":0.03,"derivative":0,"value":{"coordinate":"minecraft:overworld/ridges","points":[{"location":-0.2,"value":6.3,"derivative":0},{"location":0.2,"value":6.25,"derivative":0}]}},{"location":0.35,"derivative":0,"value":{"coordinate":"minecraft:overworld/ridges","points":[{"location":0,"value":6.25,"derivative":0}]}},{"location":0.62,"derivative":0,"value":{"coordinate":"minecraft:overworld/ridges","points":[{"location":0,"value":6.25,"derivative":0}]}}]}},{"location":-0.1,"derivative":0,"value":{"coordinate":"minecraft:overworld/erosion","points":[{"location":-0.6,"derivative":0,"value":{"coordinate":"minecraft:overworld/ridges","points":[{"location":-0.2,"value":6.3,"derivative":0},{"location":0.2,"value":5.47,"derivative":0}]}},{"location":-0.5,"derivative":0,"value":{"coordinate":"minecraft:overworld/ridges","points":[{"location":-0.2,"value":5.22236456808199,"derivative":0},{"location":-0.05,"value":6.3,"derivative":0},{"location":0.5458226573938503,"value":3.2428623718887257,"derivative":0}]}},{"location":-0.35,"derivative":0,"value":{"coordinate":"minecraft:overworld/ridges","points":[{"location":-0.2,"value":6.3,"derivative":0},{"location":0.2,"value":5.47,"derivative":0}]}},{"location":-0.25,"derivative":0,"value":{"coordinate":"minecraft:overworld/ridges","points":[{"location":-0.2,"value":6.3,"derivative":0},{"location":0.2,"value":5.47,"derivative":0}]}},{"location":-0.1,"derivative":0,"value":{"coordinate":"minecraft:overworld/ridges","points":[{"location":-0.8508261710091773,"value":6.407136115323958,"derivative":0},{"location":-0.7027080781200059,"value":5.090530845197988,"derivative":-6.526076015728299},{"location":-0.05,"value":2.67,"derivative":0},{"location":0.05,"value":6.3,"derivative":0}]}},{"location":0.03,"derivative":0,"value":{"coordinate":"minecraft:overworld/ridges","points":[{"location":-0.2,"value":6.3,"derivative":0},{"location":0.2,"value":5.47,"derivative":0}]}},{"location":0.35,"derivative":0,"value":{"coordinate":"minecraft:overworld/ridges","points":[{"location":0,"value":5.47,"derivative":0}]}},{"location":0.62,"derivative":0,"value":{"coordinate":"minecraft:overworld/ridges","points":[{"location":0,"value":5.47,"derivative":0}]}}]}},{"location":0.03,"derivative":0,"value":{"coordinate":"minecraft:overworld/erosion","points":[{"location":-0.6,"derivative":0,"value":{"coordinate":"minecraft:overworld/ridges","points":[{"location":-0.2,"value":6.3,"derivative":0},{"location":0.2,"value":5.08,"derivative":0}]}},{"location":-0.5,"derivative":0,"value":{"coordinate":"minecraft:overworld/ridges","points":[{"location":-0.05,"value":6.3,"derivative":0},{"location":0.2,"value":4.3801244509516835,"derivative":0}]}},{"location":-0.35,"derivative":0,"value":{"coordinate":"minecraft:overworld/ridges","points":[{"location":-0.2,"value":6.3,"derivative":0},{"location":0.2,"value":5.08,"derivative":0}]}},{"location":-0.25,"derivative":0,"value":{"coordinate":"minecraft:overworld/ridges","points":[{"location":-0.2,"value":6.3,"derivative":0},{"location":0.2,"value":5.08,"derivative":0}]}},{"location":-0.1,"derivative":0,"value":{"coordinate":"minecraft:overworld/ridges","points":[{"location":-0.2,"value":4.3801244509516835,"derivative":0},{"location":0.05,"value":6.3,"derivative":0}]}},{"location":0.03,"derivative":0,"value":{"coordinate":"minecraft:overworld/ridges","points":[{"location":-0.2,"value":6.3,"derivative":0},{"location":0.2,"value":5.08,"derivative":0}]}},{"location":0.35,"derivative":0,"value":{"coordinate":"minecraft:overworld/ridges","points":[{"location":0,"value":5.08,"derivative":0}]}},{"location":0.62,"derivative":0,"value":{"coordinate":"minecraft:overworld/ridges","points":[{"location":0,"value":5.08,"derivative":0}]}}]}},{"location":0.06,"derivative":0,"value":{"coordinate":"minecraft:overworld/erosion","points":[{"location":-0.6,"derivative":0,"value":{"coordinate":"minecraft:overworld/ridges","points":[{"location":-0.2,"value":6.3,"derivative":0},{"location":0.2,"value":4.69,"derivative":0}]}},{"location":-0.5,"derivative":0,"value":{"coordinate":"minecraft:overworld/ridges","points":[{"location":-0.05,"value":6.3,"derivative":0},{"location":0.2,"value":4.908308931185943,"derivative":0}]}},{"location":-0.35,"derivative":0,"value":{"coordinate":"minecraft:overworld/ridges","points":[{"location":-0.2,"value":6.3,"derivative":0},{"location":0.2,"value":4.69,"derivative":0}]}},{"location":-0.25,"derivative":0,"value":{"coordinate":"minecraft:overworld/ridges","points":[{"location":-0.2,"value":6.3,"derivative":0},{"location":0.2,"value":4.69,"derivative":0}]}},{"location":-0.1,"derivative":0,"value":{"coordinate":"minecraft:overworld/ridges","points":[{"location":-0.2,"value":4.756039531478769,"derivative":0},{"location":0.05,"value":6.3,"derivative":0}]}},{"location":0.03,"derivative":0,"value":{"coordinate":"minecraft:overworld/ridges","points":[{"location":-0.2,"value":6.3,"derivative":0},{"location":0.2,"value":4.69,"derivative":0}]}},{"location":0.58,"derivative":0,"value":{"coordinate":"minecraft:overworld/ridges","points":[{"location":0,"value":4.69,"derivative":0}]}}]}}]},
            "type": "minecraft:spline"
          },
          "type": "minecraft:add"
        },
        "type": "minecraft:mul"
      },
      "type": "minecraft:add"
    },
    "type": "minecraft:cache_2d"
  },
  "type": "minecraft:flat_cache"
}