{
   "argument": {
     "argument": {
       "argument1": {
         "argument1": {
           "type": "minecraft:blend_offset"
         },
         "argument2": {
           "argument1": 1.0,
           "argument2": {
             "argument1": -1.0,
             "argument2": {
               "argument": {
                 "type": "minecraft:blend_alpha"
               },
               "type": "minecraft:cache_once"
             },
             "type": "minecraft:mul"
           },
           "type": "minecraft:add"
         },
         "type": "minecraft:mul"
       },
       "argument2": {
         "argument1": {
           "argument1": -0.5037500262260437,
           "argument2": {
             "spline": {
               "coordinate": "minecraft:overworld/continents",
               "points": [
                 {
                   "location": -1.1,
                   "derivative": 0,
                   "value": {
                     "coordinate": "minecraft:overworld/erosion",
                     "points": [
                       {
                         "location": -0.85,
                         "derivative": 0,
                         "value": {
                           "coordinate": "minecraft:overworld/ridges",
                           "points": [
                             { "location": 0, "value": 0.044, "derivative": 0 }
                           ]
                         }
                       }
                     ]
                   }
                 },
                 {
                   "location": -1.0050000000000001,
                   "derivative": 0,
                   "value": {
                     "coordinate": "minecraft:overworld/erosion",
                     "points": [
                       {
                         "location": -0.85,
                         "derivative": 0,
                         "value": {
                           "coordinate": "minecraft:overworld/ridges",
                           "points": [
                             { "location": 0, "value": -0.2222, "derivative": 0 }
                           ]
                         }
                       }
                     ]
                   }
                 },
                 {
                   "location": -0.51,
                   "derivative": 0,
                   "value": {
                     "coordinate": "minecraft:overworld/erosion",
                     "points": [
                       {
                         "location": -0.85,
                         "derivative": 0,
                         "value": {
                           "coordinate": "minecraft:overworld/ridges",
                           "points": [
                             { "location": 0, "value": -0.2222, "derivative": 0 }
                           ]
                         }
                       }
                     ]
                   }
                 },
                 {
                   "location": -0.44,
                   "derivative": 0,
                   "value": {
                     "coordinate": "minecraft:overworld/erosion",
                     "points": [
                       {
                         "location": -0.85,
                         "derivative": 0,
                         "value": {
                           "coordinate": "minecraft:overworld/ridges",
                           "points": [
                             { "location": 0, "value": -0.12, "derivative": 0 }
                           ]
                         }
                       }
                     ]
                   }
                 },
                 {
                   "location": -0.195,
                   "derivative": 0,
                   "value": {
                     "coordinate": "minecraft:overworld/erosion",
                     "points": [
                       {
                         "location": -0.85,
                         "derivative": 0,
                         "value": {
                           "coordinate": "minecraft:overworld/ridges",
                           "points": [
                             {
                               "location": -1.2250832362403967,
                               "value": -0.08576134753041142,
                               "derivative": 0
                             },
                             {
                               "location": -1.0392958084805803,
                               "value": -0.08576134753041142,
                               "derivative": 0
                             },
                             {
                               "location": -0.5416232193135788,
                               "value": -0.027681388436745863,
                               "derivative": 0
                             },
                             {
                               "location": 0.5416232193135788,
                               "value": -0.027681388436745863,
                               "derivative": 0
                             },
                             {
                               "location": 1.0392958084805803,
                               "value": -0.08576134753041142,
                               "derivative": 0
                             },
                             {
                               "location": 1.2250832362403967,
                               "value": -0.08576134753041142,
                               "derivative": 0
                             }
                           ]
                         }
                       }
                     ]
                   }
                 },
                 {
                   "location": -0.16,
                   "derivative": 0,
                   "value": {
                     "coordinate": "minecraft:overworld/erosion",
                     "points": [
                       {
                         "location": -0.85,
                         "derivative": 0,
                         "value": {
                           "coordinate": "minecraft:overworld/ridges",
                           "points": [
                             {
                               "location": -1.3774937828111056,
                               "value": -0.05869604619189306,
                               "derivative": 0
                             },
                             { "location": 0, "value": 0.044, "derivative": 0 },
                             {
                               "location": 1.3774937828111056,
                               "value": -0.05869604619189306,
                               "derivative": 0
                             }
                           ]
                         }
                       }
                     ]
                   }
                 },
                 {
                   "location": -0.15,
                   "derivative": 0,
                   "value": {
                     "coordinate": "minecraft:overworld/erosion",
                     "points": [
                       {
                         "location": -0.85,
                         "derivative": 0,
                         "value": {
                           "coordinate": "minecraft:overworld/ridges",
                           "points": [
                             { "location": 0, "value": 0.044, "derivative": 0 }
                           ]
                         }
                       },
                       {
                         "location": -0.7,
                         "derivative": 0,
                         "value": {
                           "coordinate": "minecraft:overworld/ridges",
                           "points": [
                             { "location": 0, "value": 0.044, "derivative": 0 }
                           ]
                         }
                       },
                       {
                         "location": -0.4,
                         "derivative": 0,
                         "value": {
                           "coordinate": "minecraft:overworld/ridges",
                           "points": [
                             { "location": 0, "value": 0.044, "derivative": 0 }
                           ]
                         }
                       },
                       {
                         "location": 0.7,
                         "derivative": 0,
                         "value": {
                           "coordinate": "minecraft:overworld/ridges",
                           "points": [
                             {
                               "location": -0.8862492165184155,
                               "value": 0.008967207154403078,
                               "derivative": 0
                             },
                             {
                               "location": -0.6199243434315234,
                               "value": 0.2815128989548682,
                               "derivative": 0
                             },
                             {
                               "location": -0.3091266247116946,
                               "value": 0.2815128989548682,
                               "derivative": 0.9264352917843774
                             },
                             {
                               "location": -0.10198806844200037,
                               "value": 0.9858624632152962,
                               "derivative": 0
                             },
                             {
                               "location": 0.10198806844200037,
                               "value": 0.9858624632152962,
                               "derivative": 0
                             },
                             {
                               "location": 0.3091266247116946,
                               "value": 0.2815128989548682,
                               "derivative": -0.9264352917843774
                             },
                             {
                               "location": 0.6199243434315234,
                               "value": 0.2815128989548682,
                               "derivative": 0
                             },
                             {
                               "location": 0.8862492165184155,
                               "value": 0.008967207154403078,
                               "derivative": 0
                             }
                           ]
                         }
                       }
                     ]
                   }
                 },
                 {
                   "location": -0.075,
                   "derivative": 0,
                   "value": {
                     "coordinate": "minecraft:overworld/erosion",
                     "points": [
                       {
                         "location": -0.85,
                         "derivative": 0,
                         "value": {
                           "coordinate": "minecraft:overworld/ridges",
                           "points": [
                             { "location": 0, "value": 0.044, "derivative": 0 }
                           ]
                         }
                       },
                       {
                         "location": -0.7,
                         "derivative": 0,
                         "value": {
                           "coordinate": "minecraft:overworld/ridges",
                           "points": [
                             { "location": 0, "value": 0.044, "derivative": 0 }
                           ]
                         }
                       },
                       {
                         "location": -0.4,
                         "derivative": 0,
                         "value": {
                           "coordinate": "minecraft:overworld/ridges",
                           "points": [
                             { "location": 0, "value": 0.044, "derivative": 0 }
                           ]
                         }
                       },
                       {
                         "location": 0.7,
                         "derivative": 0,
                         "value": {
                           "coordinate": "minecraft:overworld/ridges",
                           "points": [
                             {
                               "location": -1.0296943174660287,
                               "value": 0.21290330640093155,
                               "derivative": 0.4294090048392481
                             },
                             {
                               "location": -0.6199243434315234,
                               "value": 0.008967207154403078,
                               "derivative": 0
                             },
                             {
                               "location": -0.3091266247116946,
                               "value": 0.515731852845893,
                               "derivative": 0
                             },
                             {
                               "location": 0.3091266247116946,
                               "value": 0.515731852845893,
                               "derivative": 0
                             },
                             {
                               "location": 1.0296943174660287,
                               "value": 0.21290330640093155,
                               "derivative": -0.416724371982324
                             }
                           ]
                         }
                       }
                     ]
                   }
                 },
                 {
                   "location": 0.25,
                   "derivative": 0,
                   "value": {
                     "coordinate": "minecraft:overworld/erosion",
                     "points": [
                       {
                         "location": -0.85,
                         "derivative": 0,
                         "value": {
                           "coordinate": "minecraft:overworld/ridges",
                           "points": [
                             { "location": 0, "value": 0.044, "derivative": 0 }
                           ]
                         }
                       },
                       {
                         "location": -0.7,
                         "derivative": 0,
                         "value": {
                           "coordinate": "minecraft:overworld/ridges",
                           "points": [
                             { "location": 0, "value": 0.044, "derivative": 0 }
                           ]
                         }
                       },
                       {
                         "location": -0.4,
                         "derivative": 0,
                         "value": {
                           "coordinate": "minecraft:overworld/ridges",
                           "points": [
                             { "location": 0, "value": 0.044, "derivative": 0 }
                           ]
                         }
                       },
                       {
                         "location": 0.7,
                         "derivative": 0,
                         "value": {
                           "coordinate": "minecraft:overworld/ridges",
                           "points": [
                             {
                               "location": -1.0296943174660287,
                               "value": 0.09598309729694737,
                               "derivative": 0
                             },
                             {
                               "location": -0.8862492165184155,
                               "value": 0.4616485671292379,
                               "derivative": 0.6267756686350008
                             },
                             {
                               "location": 0,
                               "value": 0.3745853600263116,
                               "derivative": 0
                             },
                             {
                               "location": 0.8862492165184155,
                               "value": 0.4616485671292379,
                               "derivative": -0.6267756686350008
                             },
                             {
                               "location": 1.0296943174660287,
                               "value": 0.09598309729694737,
                               "derivative": 0
                             }
                           ]
                         }
                       }
                     ]
                   }
                 },
                 {
                   "location": 0.625,
                   "derivative": 0,
                   "value": {
                     "coordinate": "minecraft:overworld/erosion",
                     "points": [
                       {
                         "location": -0.85,
                         "derivative": 0,
                         "value": {
                           "coordinate": "minecraft:overworld/ridges",
                           "points": [
                             { "location": 0, "value": 0.044, "derivative": 0 }
                           ]
                         }
                       },
                       {
                         "location": 0.7,
                         "derivative": 0,
                         "value": {
                           "coordinate": "minecraft:overworld/ridges",
                           "points": [
                             {
                               "location": -1.304433859286973,
                               "value": 0.12863563692922333,
                               "derivative": 0
                             },
                             {
                               "location": -1.0296943174660287,
                               "value": 0.42222628767865644,
                               "derivative": -2.9185732845558623
                             },
                             {
                               "location": -0.5793719282863485,
                               "value": 0.5200898379284675,
                               "derivative": -0.7600000000000005
                             },
                             {
                               "location": -0.12191748038638628,
                               "value": 0.0006602250640859175,
                               "derivative": 0
                             },
                             {
                               "location": 0.12191748038638628,
                               "value": 0.0006602250640859175,
                               "derivative": 0
                             },
                             {
                               "location": 0.5793719282863485,
                               "value": 0.5200898379284675,
                               "derivative": 0.7600000000000005
                             },
                             {
                               "location": 1.0296943174660287,
                               "value": 0.42222628767865644,
                               "derivative": 2.9185732845558623
                             },
                             {
                               "location": 1.304433859286973,
                               "value": 0.12863563692922333,
                               "derivative": 0
                             }
                           ]
                         }
                       }
                     ]
                   }
                 },
                 {
                   "location": 1,
                   "derivative": 0,
                   "value": {
                     "coordinate": "minecraft:overworld/erosion",
                     "points": [
                       {
                         "location": -0.85,
                         "derivative": 0,
                         "value": {
                           "coordinate": "minecraft:overworld/ridges",
                           "points": [
                             { "location": 0, "value": 0.044, "derivative": 0 }
                           ]
                         }
                       },
                       {
                         "location": -0.7,
                         "derivative": 0,
                         "value": {
                           "coordinate": "minecraft:overworld/ridges",
                           "points": [
                             { "location": 0, "value": 0.044, "derivative": 0 }
                           ]
                         }
                       }
                     ]
                   }
                 }
               ]
             },
             "type": "minecraft:spline"
           },
           "type": "minecraft:add"
         },
         "argument2": {
           "argument": {
             "type": "minecraft:blend_alpha"
           },
           "type": "minecraft:cache_once"
         },
         "type": "minecraft:mul"
       },
       "type": "minecraft:add"
     },
     "type": "minecraft:cache_2d"
   },
   "type": "minecraft:flat_cache"
 }
 