{
  "pools": [
    {
      "rolls": 1,
      "entries": [
        {
          "type": "minecraft:item",
          "name": "minecraft:written_book",
          "functions": [
            {
              "function": "minecraft:set_custom_model_data",
              "strings": {
                "values": [
                  "sanctuarybook"
                ],
                "mode": "replace_all"
              }
            },
            {
              "function": "minecraft:set_custom_data",
              "tag": {"sanctuarybook":true}
            },
            {
              "function": "minecraft:set_components",
              "components": {
                "minecraft:max_stack_size": 1
              }
            },
            {
              "function": "minecraft:set_name",
              "entity": "this",
              "target": "custom_name",
              "name": {
                "text": "Sanctuary",
                "color": "light_purple",
                "italic": false
              }
            },
            {
              "function": "minecraft:set_written_book_pages",
              "pages": [
                [
                  "",
                  {
                    "text": "████████████\n████████████\n████████████\n████████████\n████████████\n███",
                    "click_event": {
                      "action": "run_command",
                      "command": "/trigger sanctuarytele set 1"
                    },
                    "hover_event": {
                      "action": "show_text",
                      "value": {
                        "text": "Go to Sanctuary",
                        "bold": true,
                        "color": "light_purple"
                      }
                    },
                    "color": "aqua"
                  },
                  {
                    "text": "█",
                    "click_event": {
                      "action": "run_command",
                      "command": "/trigger sanctuarytele set 1"
                    },
                    "hover_event": {
                      "action": "show_text",
                      "value": {
                        "text": "Go to Sanctuary",
                        "bold": true,
                        "color": "light_purple"
                      }
                    },
                    "color": "light_purple"
                  },
                  {
                    "text": "█",
                    "click_event": {
                      "action": "run_command",
                      "command": "/trigger sanctuarytele set 1"
                    },
                    "hover_event": {
                      "action": "show_text",
                      "value": {
                        "text": "Go to Sanctuary",
                        "bold": true,
                        "color": "light_purple"
                      }
                    },
                    "color": "aqua"
                  },
                  {
                    "text": "█",
                    "click_event": {
                      "action": "run_command",
                      "command": "/trigger sanctuarytele set 1"
                    },
                    "hover_event": {
                      "action": "show_text",
                      "value": {
                        "text": "Go to Sanctuary",
                        "bold": true,
                        "color": "light_purple"
                      }
                    },
                    "color": "light_purple"
                  },
                  {
                    "text": "██",
                    "click_event": {
                      "action": "run_command",
                      "command": "/trigger sanctuarytele set 1"
                    },
                    "hover_event": {
                      "action": "show_text",
                      "value": {
                        "text": "Go to Sanctuary",
                        "bold": true,
                        "color": "light_purple"
                      }
                    },
                    "color": "aqua"
                  },
                  {
                    "text": "█",
                    "click_event": {
                      "action": "run_command",
                      "command": "/trigger sanctuarytele set 1"
                    },
                    "hover_event": {
                      "action": "show_text",
                      "value": {
                        "text": "Go to Sanctuary",
                        "bold": true,
                        "color": "light_purple"
                      }
                    },
                    "color": "light_purple"
                  },
                  {
                    "text": "███\n██",
                    "click_event": {
                      "action": "run_command",
                      "command": "/trigger sanctuarytele set 1"
                    },
                    "hover_event": {
                      "action": "show_text",
                      "value": {
                        "text": "Go to Sanctuary",
                        "bold": true,
                        "color": "light_purple"
                      }
                    },
                    "color": "aqua"
                  },
                  {
                    "text": "████████",
                    "click_event": {
                      "action": "run_command",
                      "command": "/trigger sanctuarytele set 1"
                    },
                    "hover_event": {
                      "action": "show_text",
                      "value": {
                        "text": "Go to Sanctuary",
                        "bold": true,
                        "color": "light_purple"
                      }
                    },
                    "color": "light_purple"
                  },
                  {
                    "text": "██\n███",
                    "click_event": {
                      "action": "run_command",
                      "command": "/trigger sanctuarytele set 1"
                    },
                    "hover_event": {
                      "action": "show_text",
                      "value": {
                        "text": "Go to Sanctuary",
                        "bold": true,
                        "color": "light_purple"
                      }
                    },
                    "color": "aqua"
                  },
                  {
                    "text": "█",
                    "click_event": {
                      "action": "run_command",
                      "command": "/trigger sanctuarytele set 1"
                    },
                    "hover_event": {
                      "action": "show_text",
                      "value": {
                        "text": "Go to Sanctuary",
                        "bold": true,
                        "color": "light_purple"
                      }
                    },
                    "color": "#996600"
                  },
                  {
                    "text": "█",
                    "click_event": {
                      "action": "run_command",
                      "command": "/trigger sanctuarytele set 1"
                    },
                    "hover_event": {
                      "action": "show_text",
                      "value": {
                        "text": "Go to Sanctuary",
                        "bold": true,
                        "color": "light_purple"
                      }
                    },
                    "color": "aqua"
                  },
                  {
                    "text": "█",
                    "click_event": {
                      "action": "run_command",
                      "command": "/trigger sanctuarytele set 1"
                    },
                    "hover_event": {
                      "action": "show_text",
                      "value": {
                        "text": "Go to Sanctuary",
                        "bold": true,
                        "color": "light_purple"
                      }
                    },
                    "color": "#996600"
                  },
                  {
                    "text": "██",
                    "click_event": {
                      "action": "run_command",
                      "command": "/trigger sanctuarytele set 1"
                    },
                    "hover_event": {
                      "action": "show_text",
                      "value": {
                        "text": "Go to Sanctuary",
                        "bold": true,
                        "color": "light_purple"
                      }
                    },
                    "color": "aqua"
                  },
                  {
                    "text": "█",
                    "click_event": {
                      "action": "run_command",
                      "command": "/trigger sanctuarytele set 1"
                    },
                    "hover_event": {
                      "action": "show_text",
                      "value": {
                        "text": "Go to Sanctuary",
                        "bold": true,
                        "color": "light_purple"
                      }
                    },
                    "color": "#996600"
                  },
                  {
                    "text": "███\n███",
                    "click_event": {
                      "action": "run_command",
                      "command": "/trigger sanctuarytele set 1"
                    },
                    "hover_event": {
                      "action": "show_text",
                      "value": {
                        "text": "Go to Sanctuary",
                        "bold": true,
                        "color": "light_purple"
                      }
                    },
                    "color": "aqua"
                  },
                  {
                    "text": "█",
                    "click_event": {
                      "action": "run_command",
                      "command": "/trigger sanctuarytele set 1"
                    },
                    "hover_event": {
                      "action": "show_text",
                      "value": {
                        "text": "Go to Sanctuary",
                        "bold": true,
                        "color": "light_purple"
                      }
                    },
                    "color": "#996600"
                  },
                  {
                    "text": "█",
                    "click_event": {
                      "action": "run_command",
                      "command": "/trigger sanctuarytele set 1"
                    },
                    "hover_event": {
                      "action": "show_text",
                      "value": {
                        "text": "Go to Sanctuary",
                        "bold": true,
                        "color": "light_purple"
                      }
                    },
                    "color": "aqua"
                  },
                  {
                    "text": "█",
                    "click_event": {
                      "action": "run_command",
                      "command": "/trigger sanctuarytele set 1"
                    },
                    "hover_event": {
                      "action": "show_text",
                      "value": {
                        "text": "Go to Sanctuary",
                        "bold": true,
                        "color": "light_purple"
                      }
                    },
                    "color": "#996600"
                  },
                  {
                    "text": "██",
                    "click_event": {
                      "action": "run_command",
                      "command": "/trigger sanctuarytele set 1"
                    },
                    "hover_event": {
                      "action": "show_text",
                      "value": {
                        "text": "Go to Sanctuary",
                        "bold": true,
                        "color": "light_purple"
                      }
                    },
                    "color": "aqua"
                  },
                  {
                    "text": "█",
                    "click_event": {
                      "action": "run_command",
                      "command": "/trigger sanctuarytele set 1"
                    },
                    "hover_event": {
                      "action": "show_text",
                      "value": {
                        "text": "Go to Sanctuary",
                        "bold": true,
                        "color": "light_purple"
                      }
                    },
                    "color": "#996600"
                  },
                  {
                    "text": "███\n██",
                    "click_event": {
                      "action": "run_command",
                      "command": "/trigger sanctuarytele set 1"
                    },
                    "hover_event": {
                      "action": "show_text",
                      "value": {
                        "text": "Go to Sanctuary",
                        "bold": true,
                        "color": "light_purple"
                      }
                    },
                    "color": "aqua"
                  },
                  {
                    "text": "████████",
                    "click_event": {
                      "action": "run_command",
                      "command": "/trigger sanctuarytele set 1"
                    },
                    "hover_event": {
                      "action": "show_text",
                      "value": {
                        "text": "Go to Sanctuary",
                        "bold": true,
                        "color": "light_purple"
                      }
                    },
                    "color": "green"
                  },
                  {
                    "text": "██\n█",
                    "click_event": {
                      "action": "run_command",
                      "command": "/trigger sanctuarytele set 1"
                    },
                    "hover_event": {
                      "action": "show_text",
                      "value": {
                        "text": "Go to Sanctuary",
                        "bold": true,
                        "color": "light_purple"
                      }
                    },
                    "color": "aqua"
                  },
                  {
                    "text": "██████████",
                    "click_event": {
                      "action": "run_command",
                      "command": "/trigger sanctuarytele set 1"
                    },
                    "hover_event": {
                      "action": "show_text",
                      "value": {
                        "text": "Go to Sanctuary",
                        "bold": true,
                        "color": "light_purple"
                      }
                    },
                    "color": "green"
                  },
                  {
                    "text": "█",
                    "click_event": {
                      "action": "run_command",
                      "command": "/trigger sanctuarytele set 1"
                    },
                    "hover_event": {
                      "action": "show_text",
                      "value": {
                        "text": "Go to Sanctuary",
                        "bold": true,
                        "color": "light_purple"
                      }
                    },
                    "color": "aqua"
                  },
                  {
                    "text": "\n",
                    "click_event": {
                      "action": "run_command",
                      "command": "/trigger sanctuarytele set 1"
                    },
                    "hover_event": {
                      "action": "show_text",
                      "value": {
                        "text": "Go to Sanctuary",
                        "bold": true,
                        "color": "light_purple"
                      }
                    }
                  },
                  {
                    "text": "████████████\n████████████",
                    "click_event": {
                      "action": "run_command",
                      "command": "/trigger sanctuarytele set 1"
                    },
                    "hover_event": {
                      "action": "show_text",
                      "value": {
                        "text": "Go to Sanctuary",
                        "bold": true,
                        "color": "light_purple"
                      }
                    },
                    "color": "dark_aqua"
                  }
                ]
              ],
              "mode": "replace_all"
            },            
            {
              "function": "minecraft:set_book_cover",
              "generation": 3
            }
          ]
        }
      ]
    }
  ]
}
