{
  "pools": [
    {
      "rolls": 1,
      "entries": [
        {
          "type": "minecraft:item",
          "name": "minecraft:written_book",
          "functions": [
            {
              "function": "minecraft:set_custom_model_data",
              "strings": {
                "values": [
                  "skylandbook"
                ],
                "mode": "replace_all"
              }
            },
            {
              "function": "minecraft:set_custom_data",
              "tag": {"skylandbook":true}
            },
            {
              "function": "minecraft:set_components",
              "components": {
                "minecraft:max_stack_size": 1
              }
            },
            {
              "function": "minecraft:set_name",
              "entity": "this",
              "target": "custom_name",
              "name": {
                "text": "Skylands",
                "color": "aqua",
                "italic": false
              }
            },
            {
              "function": "minecraft:set_written_book_pages",
              "pages": [
                [
                  "",
                  {
                    "text": "████████████\n████████████\n███████",
                    "click_event": {
                      "action": "run_command",
                      "command": "/trigger skylandtele set 1"
                    },
                    "hover_event": {
                      "action": "show_text",
                      "value": {
                        "text": "Go to Skylands",
                        "bold": true,
                        "color": "aqua"
                      }
                    },
                    "color": "aqua"
                  },
                  {
                    "text": "███",
                    "click_event": {
                      "action": "run_command",
                      "command": "/trigger skylandtele set 1"
                    },
                    "hover_event": {
                      "action": "show_text",
                      "value": {
                        "text": "Go to Skylands",
                        "bold": true,
                        "color": "aqua"
                      }
                    },
                    "color": "#33cc99"
                  },
                  {
                    "text": "██\n███████",
                    "click_event": {
                      "action": "run_command",
                      "command": "/trigger skylandtele set 1"
                    },
                    "hover_event": {
                      "action": "show_text",
                      "value": {
                        "text": "Go to Skylands",
                        "bold": true,
                        "color": "aqua"
                      }
                    },
                    "color": "aqua"
                  },
                  {
                    "text": "███",
                    "click_event": {
                      "action": "run_command",
                      "command": "/trigger skylandtele set 1"
                    },
                    "hover_event": {
                      "action": "show_text",
                      "value": {
                        "text": "Go to Skylands",
                        "bold": true,
                        "color": "aqua"
                      }
                    },
                    "color": "gray"
                  },
                  {
                    "text": "██\n███████",
                    "click_event": {
                      "action": "run_command",
                      "command": "/trigger skylandtele set 1"
                    },
                    "hover_event": {
                      "action": "show_text",
                      "value": {
                        "text": "Go to Skylands",
                        "bold": true,
                        "color": "aqua"
                      }
                    },
                    "color": "aqua"
                  },
                  {
                    "text": "██",
                    "click_event": {
                      "action": "run_command",
                      "command": "/trigger skylandtele set 1"
                    },
                    "hover_event": {
                      "action": "show_text",
                      "value": {
                        "text": "Go to Skylands",
                        "bold": true,
                        "color": "aqua"
                      }
                    },
                    "color": "gray"
                  },
                  {
                    "text": "███\n████████",
                    "click_event": {
                      "action": "run_command",
                      "command": "/trigger skylandtele set 1"
                    },
                    "hover_event": {
                      "action": "show_text",
                      "value": {
                        "text": "Go to Skylands",
                        "bold": true,
                        "color": "aqua"
                      }
                    },
                    "color": "aqua"
                  },
                  {
                    "text": "█",
                    "click_event": {
                      "action": "run_command",
                      "command": "/trigger skylandtele set 1"
                    },
                    "hover_event": {
                      "action": "show_text",
                      "value": {
                        "text": "Go to Skylands",
                        "bold": true,
                        "color": "aqua"
                      }
                    },
                    "color": "gray"
                  },
                  {
                    "text": "███",
                    "click_event": {
                      "action": "run_command",
                      "command": "/trigger skylandtele set 1"
                    },
                    "hover_event": {
                      "action": "show_text",
                      "value": {
                        "text": "Go to Skylands",
                        "bold": true,
                        "color": "aqua"
                      }
                    },
                    "color": "aqua"
                  },
                  {
                    "text": "\n",
                    "click_event": {
                      "action": "run_command",
                      "command": "/trigger skylandtele set 1"
                    },
                    "hover_event": {
                      "action": "show_text",
                      "value": {
                        "text": "Go to Skylands",
                        "bold": true,
                        "color": "aqua"
                      }
                    }
                  },
                  {
                    "text": "███",
                    "click_event": {
                      "action": "run_command",
                      "command": "/trigger skylandtele set 1"
                    },
                    "hover_event": {
                      "action": "show_text",
                      "value": {
                        "text": "Go to Skylands",
                        "bold": true,
                        "color": "aqua"
                      }
                    },
                    "color": "#33cc99"
                  },
                  {
                    "text": "█████████",
                    "click_event": {
                      "action": "run_command",
                      "command": "/trigger skylandtele set 1"
                    },
                    "hover_event": {
                      "action": "show_text",
                      "value": {
                        "text": "Go to Skylands",
                        "bold": true,
                        "color": "aqua"
                      }
                    },
                    "color": "aqua"
                  },
                  {
                    "text": "\n",
                    "click_event": {
                      "action": "run_command",
                      "command": "/trigger skylandtele set 1"
                    },
                    "hover_event": {
                      "action": "show_text",
                      "value": {
                        "text": "Go to Skylands",
                        "bold": true,
                        "color": "aqua"
                      }
                    }
                  },
                  {
                    "text": "███",
                    "click_event": {
                      "action": "run_command",
                      "command": "/trigger skylandtele set 1"
                    },
                    "hover_event": {
                      "action": "show_text",
                      "value": {
                        "text": "Go to Skylands",
                        "bold": true,
                        "color": "aqua"
                      }
                    },
                    "color": "gray"
                  },
                  {
                    "text": "█████████\n█",
                    "click_event": {
                      "action": "run_command",
                      "command": "/trigger skylandtele set 1"
                    },
                    "hover_event": {
                      "action": "show_text",
                      "value": {
                        "text": "Go to Skylands",
                        "bold": true,
                        "color": "aqua"
                      }
                    },
                    "color": "aqua"
                  },
                  {
                    "text": "██",
                    "click_event": {
                      "action": "run_command",
                      "command": "/trigger skylandtele set 1"
                    },
                    "hover_event": {
                      "action": "show_text",
                      "value": {
                        "text": "Go to Skylands",
                        "bold": true,
                        "color": "aqua"
                      }
                    },
                    "color": "gray"
                  },
                  {
                    "text": "█████████\n██",
                    "click_event": {
                      "action": "run_command",
                      "command": "/trigger skylandtele set 1"
                    },
                    "hover_event": {
                      "action": "show_text",
                      "value": {
                        "text": "Go to Skylands",
                        "bold": true,
                        "color": "aqua"
                      }
                    },
                    "color": "aqua"
                  },
                  {
                    "text": "█",
                    "click_event": {
                      "action": "run_command",
                      "command": "/trigger skylandtele set 1"
                    },
                    "hover_event": {
                      "action": "show_text",
                      "value": {
                        "text": "Go to Skylands",
                        "bold": true,
                        "color": "aqua"
                      }
                    },
                    "color": "gray"
                  },
                  {
                    "text": "███",
                    "click_event": {
                      "action": "run_command",
                      "command": "/trigger skylandtele set 1"
                    },
                    "hover_event": {
                      "action": "show_text",
                      "value": {
                        "text": "Go to Skylands",
                        "bold": true,
                        "color": "aqua"
                      }
                    },
                    "color": "aqua"
                  },
                  {
                    "text": "█████",
                    "click_event": {
                      "action": "run_command",
                      "command": "/trigger skylandtele set 1"
                    },
                    "hover_event": {
                      "action": "show_text",
                      "value": {
                        "text": "Go to Skylands",
                        "bold": true,
                        "color": "aqua"
                      }
                    },
                    "color": "white"
                  },
                  {
                    "text": "█\n███████",
                    "click_event": {
                      "action": "run_command",
                      "command": "/trigger skylandtele set 1"
                    },
                    "hover_event": {
                      "action": "show_text",
                      "value": {
                        "text": "Go to Skylands",
                        "bold": true,
                        "color": "aqua"
                      }
                    },
                    "color": "aqua"
                  },
                  {
                    "text": "█",
                    "click_event": {
                      "action": "run_command",
                      "command": "/trigger skylandtele set 1"
                    },
                    "hover_event": {
                      "action": "show_text",
                      "value": {
                        "text": "Go to Skylands",
                        "bold": true,
                        "color": "aqua"
                      }
                    },
                    "color": "white"
                  },
                  {
                    "text": "█",
                    "click_event": {
                      "action": "run_command",
                      "command": "/trigger skylandtele set 1"
                    },
                    "hover_event": {
                      "action": "show_text",
                      "value": {
                        "text": "Go to Skylands",
                        "bold": true,
                        "color": "aqua"
                      }
                    },
                    "color": "aqua"
                  },
                  {
                    "text": "█",
                    "click_event": {
                      "action": "run_command",
                      "command": "/trigger skylandtele set 1"
                    },
                    "hover_event": {
                      "action": "show_text",
                      "value": {
                        "text": "Go to Skylands",
                        "bold": true,
                        "color": "aqua"
                      }
                    },
                    "color": "white"
                  },
                  {
                    "text": "██\n██████",
                    "click_event": {
                      "action": "run_command",
                      "command": "/trigger skylandtele set 1"
                    },
                    "hover_event": {
                      "action": "show_text",
                      "value": {
                        "text": "Go to Skylands",
                        "bold": true,
                        "color": "aqua"
                      }
                    },
                    "color": "aqua"
                  },
                  {
                    "text": "█████",
                    "click_event": {
                      "action": "run_command",
                      "command": "/trigger skylandtele set 1"
                    },
                    "hover_event": {
                      "action": "show_text",
                      "value": {
                        "text": "Go to Skylands",
                        "bold": true,
                        "color": "aqua"
                      }
                    },
                    "color": "#33cc99"
                  },
                  {
                    "text": "█\n███████",
                    "click_event": {
                      "action": "run_command",
                      "command": "/trigger skylandtele set 1"
                    },
                    "hover_event": {
                      "action": "show_text",
                      "value": {
                        "text": "Go to Skylands",
                        "bold": true,
                        "color": "aqua"
                      }
                    },
                    "color": "aqua"
                  },
                  {
                    "text": "███",
                    "click_event": {
                      "action": "run_command",
                      "command": "/trigger skylandtele set 1"
                    },
                    "hover_event": {
                      "action": "show_text",
                      "value": {
                        "text": "Go to Skylands",
                        "bold": true,
                        "color": "aqua"
                      }
                    },
                    "color": "gray"
                  },
                  {
                    "text": "██",
                    "click_event": {
                      "action": "run_command",
                      "command": "/trigger skylandtele set 1"
                    },
                    "hover_event": {
                      "action": "show_text",
                      "value": {
                        "text": "Go to Skylands",
                        "bold": true,
                        "color": "aqua"
                      }
                    },
                    "color": "aqua"
                  }
                ]
              ],
              "mode": "replace_all"
            },            
            {
              "function": "minecraft:set_book_cover",
              "generation": 3
            }
          ]
        }
      ]
    }
  ]
}
