{
  "pools": [
    {
      "rolls": 1,
      "entries": [
        {
          "type": "minecraft:item",
          "name": "minecraft:written_book",
          "functions": [
            {
              "function": "minecraft:set_custom_model_data",
              "strings": {
                "values": [
                  "smallbook"
                ],
                "mode": "replace_all"
              }
            },
            {
              "function": "minecraft:set_custom_data",
              "tag": {"smallbook":true,"fresh_small":true}
            },
            {
              "function": "minecraft:set_components",
              "components": {
                "minecraft:max_stack_size": 1
              }
            },
            {
              "function": "minecraft:set_name",
              "entity": "this",
              "target": "custom_name",
              "name": {
                "text": "Pocket Dimension",
                "color": "white",
                "italic": false
              }
            },
            {
              "function": "minecraft:set_written_book_pages",
              "pages": [[
                "",
                {
                  "text": "████",
                  "click_event": {
                    "action": "run_command",
                    "command": "/trigger smalltele set 1"
                  },
                  "hover_event": {
                    "action": "show_text",
                    "value": {
                      "text": "Travel through the Pocket Dimension",
                      "bold": true
                    }
                  },
                  "color": "#330066"
                },
                {
                  "text": "█",
                  "click_event": {
                    "action": "run_command",
                    "command": "/trigger smalltele set 1"
                  },
                  "hover_event": {
                    "action": "show_text",
                    "value": {
                      "text": "Travel through the Pocket Dimension",
                      "bold": true
                    }
                  },
                  "color": "blue"
                },
                {
                  "text": "███████\n████",
                  "click_event": {
                    "action": "run_command",
                    "command": "/trigger smalltele set 1"
                  },
                  "hover_event": {
                    "action": "show_text",
                    "value": {
                      "text": "Travel through the Pocket Dimension",
                      "bold": true
                    }
                  },
                  "color": "#330066"
                },
                {
                  "text": "█",
                  "click_event": {
                    "action": "run_command",
                    "command": "/trigger smalltele set 1"
                  },
                  "hover_event": {
                    "action": "show_text",
                    "value": {
                      "text": "Travel through the Pocket Dimension",
                      "bold": true
                    }
                  },
                  "color": "blue"
                },
                {
                  "text": "██████",
                  "click_event": {
                    "action": "run_command",
                    "command": "/trigger smalltele set 1"
                  },
                  "hover_event": {
                    "action": "show_text",
                    "value": {
                      "text": "Travel through the Pocket Dimension",
                      "bold": true
                    }
                  },
                  "color": "#330066"
                },
                {
                  "text": "█",
                  "click_event": {
                    "action": "run_command",
                    "command": "/trigger smalltele set 1"
                  },
                  "hover_event": {
                    "action": "show_text",
                    "value": {
                      "text": "Travel through the Pocket Dimension",
                      "bold": true
                    }
                  },
                  "color": "blue"
                },
                {
                  "text": "\n",
                  "click_event": {
                    "action": "run_command",
                    "command": "/trigger smalltele set 1"
                  },
                  "hover_event": {
                    "action": "show_text",
                    "value": {
                      "text": "Travel through the Pocket Dimension",
                      "bold": true
                    }
                  }
                },
                {
                  "text": "█",
                  "click_event": {
                    "action": "run_command",
                    "command": "/trigger smalltele set 1"
                  },
                  "hover_event": {
                    "action": "show_text",
                    "value": {
                      "text": "Travel through the Pocket Dimension",
                      "bold": true
                    }
                  },
                  "color": "#330066"
                },
                {
                  "text": "█",
                  "click_event": {
                    "action": "run_command",
                    "command": "/trigger smalltele set 1"
                  },
                  "hover_event": {
                    "action": "show_text",
                    "value": {
                      "text": "Travel through the Pocket Dimension",
                      "bold": true
                    }
                  },
                  "color": "blue"
                },
                {
                  "text": "██████",
                  "click_event": {
                    "action": "run_command",
                    "command": "/trigger smalltele set 1"
                  },
                  "hover_event": {
                    "action": "show_text",
                    "value": {
                      "text": "Travel through the Pocket Dimension",
                      "bold": true
                    }
                  },
                  "color": "#330066"
                },
                {
                  "text": "█",
                  "click_event": {
                    "action": "run_command",
                    "command": "/trigger smalltele set 1"
                  },
                  "hover_event": {
                    "action": "show_text",
                    "value": {
                      "text": "Travel through the Pocket Dimension",
                      "bold": true
                    }
                  },
                  "color": "blue"
                },
                {
                  "text": "██",
                  "click_event": {
                    "action": "run_command",
                    "command": "/trigger smalltele set 1"
                  },
                  "hover_event": {
                    "action": "show_text",
                    "value": {
                      "text": "Travel through the Pocket Dimension",
                      "bold": true
                    }
                  },
                  "color": "#330066"
                },
                {
                  "text": "█",
                  "click_event": {
                    "action": "run_command",
                    "command": "/trigger smalltele set 1"
                  },
                  "hover_event": {
                    "action": "show_text",
                    "value": {
                      "text": "Travel through the Pocket Dimension",
                      "bold": true
                    }
                  },
                  "color": "blue"
                },
                {
                  "text": "\n",
                  "click_event": {
                    "action": "run_command",
                    "command": "/trigger smalltele set 1"
                  },
                  "hover_event": {
                    "action": "show_text",
                    "value": {
                      "text": "Travel through the Pocket Dimension",
                      "bold": true
                    }
                  }
                },
                {
                  "text": "█",
                  "click_event": {
                    "action": "run_command",
                    "command": "/trigger smalltele set 1"
                  },
                  "hover_event": {
                    "action": "show_text",
                    "value": {
                      "text": "Travel through the Pocket Dimension",
                      "bold": true
                    }
                  },
                  "color": "#330066"
                },
                {
                  "text": "█",
                  "click_event": {
                    "action": "run_command",
                    "command": "/trigger smalltele set 1"
                  },
                  "hover_event": {
                    "action": "show_text",
                    "value": {
                      "text": "Travel through the Pocket Dimension",
                      "bold": true
                    }
                  },
                  "color": "blue"
                },
                {
                  "text": "██████",
                  "click_event": {
                    "action": "run_command",
                    "command": "/trigger smalltele set 1"
                  },
                  "hover_event": {
                    "action": "show_text",
                    "value": {
                      "text": "Travel through the Pocket Dimension",
                      "bold": true
                    }
                  },
                  "color": "#330066"
                },
                {
                  "text": "█",
                  "click_event": {
                    "action": "run_command",
                    "command": "/trigger smalltele set 1"
                  },
                  "hover_event": {
                    "action": "show_text",
                    "value": {
                      "text": "Travel through the Pocket Dimension",
                      "bold": true
                    }
                  },
                  "color": "blue"
                },
                {
                  "text": "███\n████████████\n███",
                  "click_event": {
                    "action": "run_command",
                    "command": "/trigger smalltele set 1"
                  },
                  "hover_event": {
                    "action": "show_text",
                    "value": {
                      "text": "Travel through the Pocket Dimension",
                      "bold": true
                    }
                  },
                  "color": "#330066"
                },
                {
                  "text": "█",
                  "click_event": {
                    "action": "run_command",
                    "command": "/trigger smalltele set 1"
                  },
                  "hover_event": {
                    "action": "show_text",
                    "value": {
                      "text": "Travel through the Pocket Dimension",
                      "bold": true
                    }
                  },
                  "color": "blue"
                },
                {
                  "text": "████████\n███",
                  "click_event": {
                    "action": "run_command",
                    "command": "/trigger smalltele set 1"
                  },
                  "hover_event": {
                    "action": "show_text",
                    "value": {
                      "text": "Travel through the Pocket Dimension",
                      "bold": true
                    }
                  },
                  "color": "#330066"
                },
                {
                  "text": "█",
                  "click_event": {
                    "action": "run_command",
                    "command": "/trigger smalltele set 1"
                  },
                  "hover_event": {
                    "action": "show_text",
                    "value": {
                      "text": "Travel through the Pocket Dimension",
                      "bold": true
                    }
                  },
                  "color": "blue"
                },
                {
                  "text": "█████",
                  "click_event": {
                    "action": "run_command",
                    "command": "/trigger smalltele set 1"
                  },
                  "hover_event": {
                    "action": "show_text",
                    "value": {
                      "text": "Travel through the Pocket Dimension",
                      "bold": true
                    }
                  },
                  "color": "#330066"
                },
                {
                  "text": "█",
                  "click_event": {
                    "action": "run_command",
                    "command": "/trigger smalltele set 1"
                  },
                  "hover_event": {
                    "action": "show_text",
                    "value": {
                      "text": "Travel through the Pocket Dimension",
                      "bold": true
                    }
                  },
                  "color": "blue"
                },
                {
                  "text": "██",
                  "click_event": {
                    "action": "run_command",
                    "command": "/trigger smalltele set 1"
                  },
                  "hover_event": {
                    "action": "show_text",
                    "value": {
                      "text": "Travel through the Pocket Dimension",
                      "bold": true
                    }
                  },
                  "color": "#330066"
                },
                {
                  "text": "\n",
                  "click_event": {
                    "action": "run_command",
                    "command": "/trigger smalltele set 1"
                  },
                  "hover_event": {
                    "action": "show_text",
                    "value": {
                      "text": "Travel through the Pocket Dimension",
                      "bold": true
                    }
                  }
                },
                {
                  "text": "█",
                  "click_event": {
                    "action": "run_command",
                    "command": "/trigger smalltele set 1"
                  },
                  "hover_event": {
                    "action": "show_text",
                    "value": {
                      "text": "Travel through the Pocket Dimension",
                      "bold": true
                    }
                  },
                  "color": "blue"
                },
                {
                  "text": "█████",
                  "click_event": {
                    "action": "run_command",
                    "command": "/trigger smalltele set 1"
                  },
                  "hover_event": {
                    "action": "show_text",
                    "value": {
                      "text": "Travel through the Pocket Dimension",
                      "bold": true
                    }
                  },
                  "color": "#330066"
                },
                {
                  "text": "█",
                  "click_event": {
                    "action": "run_command",
                    "command": "/trigger smalltele set 1"
                  },
                  "hover_event": {
                    "action": "show_text",
                    "value": {
                      "text": "Travel through the Pocket Dimension",
                      "bold": true
                    }
                  },
                  "color": "blue"
                },
                {
                  "text": "██",
                  "click_event": {
                    "action": "run_command",
                    "command": "/trigger smalltele set 1"
                  },
                  "hover_event": {
                    "action": "show_text",
                    "value": {
                      "text": "Travel through the Pocket Dimension",
                      "bold": true
                    }
                  },
                  "color": "#330066"
                },
                {
                  "text": "█",
                  "click_event": {
                    "action": "run_command",
                    "command": "/trigger smalltele set 1"
                  },
                  "hover_event": {
                    "action": "show_text",
                    "value": {
                      "text": "Travel through the Pocket Dimension",
                      "bold": true
                    }
                  },
                  "color": "blue"
                },
                {
                  "text": "██",
                  "click_event": {
                    "action": "run_command",
                    "command": "/trigger smalltele set 1"
                  },
                  "hover_event": {
                    "action": "show_text",
                    "value": {
                      "text": "Travel through the Pocket Dimension",
                      "bold": true
                    }
                  },
                  "color": "#330066"
                },
                {
                  "text": "\n",
                  "click_event": {
                    "action": "run_command",
                    "command": "/trigger smalltele set 1"
                  },
                  "hover_event": {
                    "action": "show_text",
                    "value": {
                      "text": "Travel through the Pocket Dimension",
                      "bold": true
                    }
                  }
                },
                {
                  "text": "█",
                  "click_event": {
                    "action": "run_command",
                    "command": "/trigger smalltele set 1"
                  },
                  "hover_event": {
                    "action": "show_text",
                    "value": {
                      "text": "Travel through the Pocket Dimension",
                      "bold": true
                    }
                  },
                  "color": "blue"
                },
                {
                  "text": "█████",
                  "click_event": {
                    "action": "run_command",
                    "command": "/trigger smalltele set 1"
                  },
                  "hover_event": {
                    "action": "show_text",
                    "value": {
                      "text": "Travel through the Pocket Dimension",
                      "bold": true
                    }
                  },
                  "color": "#330066"
                },
                {
                  "text": "█",
                  "click_event": {
                    "action": "run_command",
                    "command": "/trigger smalltele set 1"
                  },
                  "hover_event": {
                    "action": "show_text",
                    "value": {
                      "text": "Travel through the Pocket Dimension",
                      "bold": true
                    }
                  },
                  "color": "blue"
                },
                {
                  "text": "█████\n████████████\n████",
                  "click_event": {
                    "action": "run_command",
                    "command": "/trigger smalltele set 1"
                  },
                  "hover_event": {
                    "action": "show_text",
                    "value": {
                      "text": "Travel through the Pocket Dimension",
                      "bold": true
                    }
                  },
                  "color": "#330066"
                },
                {
                  "text": "█",
                  "click_event": {
                    "action": "run_command",
                    "command": "/trigger smalltele set 1"
                  },
                  "hover_event": {
                    "action": "show_text",
                    "value": {
                      "text": "Travel through the Pocket Dimension",
                      "bold": true
                    }
                  },
                  "color": "blue"
                },
                {
                  "text": "███████\n██",
                  "click_event": {
                    "action": "run_command",
                    "command": "/trigger smalltele set 1"
                  },
                  "hover_event": {
                    "action": "show_text",
                    "value": {
                      "text": "Travel through the Pocket Dimension",
                      "bold": true
                    }
                  },
                  "color": "#330066"
                },
                {
                  "text": "█",
                  "click_event": {
                    "action": "run_command",
                    "command": "/trigger smalltele set 1"
                  },
                  "hover_event": {
                    "action": "show_text",
                    "value": {
                      "text": "Travel through the Pocket Dimension",
                      "bold": true
                    }
                  },
                  "color": "blue"
                },
                {
                  "text": "█",
                  "click_event": {
                    "action": "run_command",
                    "command": "/trigger smalltele set 1"
                  },
                  "hover_event": {
                    "action": "show_text",
                    "value": {
                      "text": "Travel through the Pocket Dimension",
                      "bold": true
                    }
                  },
                  "color": "#330066"
                },
                {
                  "text": "█",
                  "click_event": {
                    "action": "run_command",
                    "command": "/trigger smalltele set 1"
                  },
                  "hover_event": {
                    "action": "show_text",
                    "value": {
                      "text": "Travel through the Pocket Dimension",
                      "bold": true
                    }
                  },
                  "color": "blue"
                },
                {
                  "text": "█████",
                  "click_event": {
                    "action": "run_command",
                    "command": "/trigger smalltele set 1"
                  },
                  "hover_event": {
                    "action": "show_text",
                    "value": {
                      "text": "Travel through the Pocket Dimension",
                      "bold": true
                    }
                  },
                  "color": "#330066"
                },
                {
                  "text": "█",
                  "click_event": {
                    "action": "run_command",
                    "command": "/trigger smalltele set 1"
                  },
                  "hover_event": {
                    "action": "show_text",
                    "value": {
                      "text": "Travel through the Pocket Dimension",
                      "bold": true
                    }
                  },
                  "color": "blue"
                },
                {
                  "text": "█\n██",
                  "click_event": {
                    "action": "run_command",
                    "command": "/trigger smalltele set 1"
                  },
                  "hover_event": {
                    "action": "show_text",
                    "value": {
                      "text": "Travel through the Pocket Dimension",
                      "bold": true
                    }
                  },
                  "color": "#330066"
                },
                {
                  "text": "█",
                  "click_event": {
                    "action": "run_command",
                    "command": "/trigger smalltele set 1"
                  },
                  "hover_event": {
                    "action": "show_text",
                    "value": {
                      "text": "Travel through the Pocket Dimension",
                      "bold": true
                    }
                  },
                  "color": "blue"
                },
                {
                  "text": "████",
                  "click_event": {
                    "action": "run_command",
                    "command": "/trigger smalltele set 1"
                  },
                  "hover_event": {
                    "action": "show_text",
                    "value": {
                      "text": "Travel through the Pocket Dimension",
                      "bold": true
                    }
                  },
                  "color": "#330066"
                },
                {
                  "text": "█",
                  "click_event": {
                    "action": "run_command",
                    "command": "/trigger smalltele set 1"
                  },
                  "hover_event": {
                    "action": "show_text",
                    "value": {
                      "text": "Travel through the Pocket Dimension",
                      "bold": true
                    }
                  },
                  "color": "blue"
                },
                {
                  "text": "██",
                  "click_event": {
                    "action": "run_command",
                    "command": "/trigger smalltele set 1"
                  },
                  "hover_event": {
                    "action": "show_text",
                    "value": {
                      "text": "Travel through the Pocket Dimension",
                      "bold": true
                    }
                  },
                  "color": "#330066"
                },
                {
                  "text": "█",
                  "click_event": {
                    "action": "run_command",
                    "command": "/trigger smalltele set 1"
                  },
                  "hover_event": {
                    "action": "show_text",
                    "value": {
                      "text": "Travel through the Pocket Dimension",
                      "bold": true
                    }
                  },
                  "color": "blue"
                },
                {
                  "text": "█",
                  "click_event": {
                    "action": "run_command",
                    "command": "/trigger smalltele set 1"
                  },
                  "hover_event": {
                    "action": "show_text",
                    "value": {
                      "text": "Travel through the Pocket Dimension",
                      "bold": true
                    }
                  },
                  "color": "#330066"
                }
              ]],
              "mode": "replace_all"
            },
            {
              "function": "minecraft:set_book_cover",
              "generation": 3
            }
          ]
        }
      ]
    }
  ]
}
