{
  "pools": [
    {
      "rolls": 1,
      "entries": [
        {
          "type": "minecraft:item",
          "name": "minecraft:written_book",
          "functions": [
            {
              "function": "minecraft:set_custom_model_data",
              "strings": {
                "values": [
                  "volcanobook"
                ],
                "mode": "replace_all"
              }
            },
            {
              "function": "minecraft:set_custom_data",
              "tag": {"volcanobook":true}
            },
            {
              "function": "minecraft:set_components",
              "components": {
                "minecraft:max_stack_size": 1
              }
            },
            {
              "function": "minecraft:set_name",
              "entity": "this",
              "target": "custom_name",
              "name": {
                "text": "Wasteland",
                "color": "dark_red",
                "italic": false
              }
            },
            {
              "function": "minecraft:set_written_book_pages",
              "pages": [[
                "",
                {
                  "text": "███",
                  "click_event": {
                    "action": "run_command",
                    "command": "/trigger volcanotele set 1"
                  },
                  "hover_event": {
                    "action": "show_text",
                    "value": {
                      "text": "Go to The Wasteland",
                      "bold": true,
                      "color": "red"
                    }
                  },
                  "color": "#66ffcc"
                },
                {
                  "text": "█████████",
                  "click_event": {
                    "action": "run_command",
                    "command": "/trigger volcanotele set 1"
                  },
                  "hover_event": {
                    "action": "show_text",
                    "value": {
                      "text": "Go to The Wasteland",
                      "bold": true,
                      "color": "red"
                    }
                  },
                  "color": "#66ffcc"
                },
                "\n",
                {
                  "text": "████████████",
                  "click_event": {
                    "action": "run_command",
                    "command": "/trigger volcanotele set 1"
                  },
                  "hover_event": {
                    "action": "show_text",
                    "value": {
                      "text": "Go to The Wasteland",
                      "bold": true,
                      "color": "red"
                    }
                  },
                  "color": "#66ffcc"
                },
                "\n",
                {
                  "text": "████████████\n████████████\n█",
                  "click_event": {
                    "action": "run_command",
                    "command": "/trigger volcanotele set 1"
                  },
                  "hover_event": {
                    "action": "show_text",
                    "value": {
                      "text": "Go to The Wasteland",
                      "bold": true,
                      "color": "red"
                    }
                  },
                  "color": "#66ffcc"
                },
                {
                  "text": "██",
                  "click_event": {
                    "action": "run_command",
                    "command": "/trigger volcanotele set 1"
                  },
                  "hover_event": {
                    "action": "show_text",
                    "value": {
                      "text": "Go to The Wasteland",
                      "bold": true,
                      "color": "red"
                    }
                  },
                  "color": "black"
                },
                {
                  "text": "█████████",
                  "click_event": {
                    "action": "run_command",
                    "command": "/trigger volcanotele set 1"
                  },
                  "hover_event": {
                    "action": "show_text",
                    "value": {
                      "text": "Go to The Wasteland",
                      "bold": true,
                      "color": "red"
                    }
                  },
                  "color": "#66ffcc"
                },
                "\n",
                {
                  "text": "█",
                  "click_event": {
                    "action": "run_command",
                    "command": "/trigger volcanotele set 1"
                  },
                  "hover_event": {
                    "action": "show_text",
                    "value": {
                      "text": "Go to The Wasteland",
                      "bold": true,
                      "color": "red"
                    }
                  },
                  "color": "#66ffcc"
                },
                {
                  "text": "██",
                  "click_event": {
                    "action": "run_command",
                    "command": "/trigger volcanotele set 1"
                  },
                  "hover_event": {
                    "action": "show_text",
                    "value": {
                      "text": "Go to The Wasteland",
                      "bold": true,
                      "color": "red"
                    }
                  },
                  "color": "black"
                },
                {
                  "text": "█████████",
                  "click_event": {
                    "action": "run_command",
                    "command": "/trigger volcanotele set 1"
                  },
                  "hover_event": {
                    "action": "show_text",
                    "value": {
                      "text": "Go to The Wasteland",
                      "bold": true,
                      "color": "red"
                    }
                  },
                  "color": "#66ffcc"
                },
                "\n",
                {
                  "text": "███",
                  "click_event": {
                    "action": "run_command",
                    "command": "/trigger volcanotele set 1"
                  },
                  "hover_event": {
                    "action": "show_text",
                    "value": {
                      "text": "Go to The Wasteland",
                      "bold": true,
                      "color": "red"
                    }
                  },
                  "color": "black"
                },
                {
                  "text": "█████████",
                  "click_event": {
                    "action": "run_command",
                    "command": "/trigger volcanotele set 1"
                  },
                  "hover_event": {
                    "action": "show_text",
                    "value": {
                      "text": "Go to The Wasteland",
                      "bold": true,
                      "color": "red"
                    }
                  },
                  "color": "#66ffcc"
                },
                "\n",
                {
                  "text": "███",
                  "click_event": {
                    "action": "run_command",
                    "command": "/trigger volcanotele set 1"
                  },
                  "hover_event": {
                    "action": "show_text",
                    "value": {
                      "text": "Go to The Wasteland",
                      "bold": true,
                      "color": "red"
                    }
                  },
                  "color": "black"
                },
                {
                  "text": "█████████",
                  "click_event": {
                    "action": "run_command",
                    "command": "/trigger volcanotele set 1"
                  },
                  "hover_event": {
                    "action": "show_text",
                    "value": {
                      "text": "Go to The Wasteland",
                      "bold": true,
                      "color": "red"
                    }
                  },
                  "color": "#66ffcc"
                },
                "\n",
                {
                  "text": "████",
                  "click_event": {
                    "action": "run_command",
                    "command": "/trigger volcanotele set 1"
                  },
                  "hover_event": {
                    "action": "show_text",
                    "value": {
                      "text": "Go to The Wasteland",
                      "bold": true,
                      "color": "red"
                    }
                  },
                  "color": "black"
                },
                {
                  "text": "███",
                  "click_event": {
                    "action": "run_command",
                    "command": "/trigger volcanotele set 1"
                  },
                  "hover_event": {
                    "action": "show_text",
                    "value": {
                      "text": "Go to The Wasteland",
                      "bold": true,
                      "color": "red"
                    }
                  },
                  "color": "#66ffcc"
                },
                {
                  "text": "█████",
                  "click_event": {
                    "action": "run_command",
                    "command": "/trigger volcanotele set 1"
                  },
                  "hover_event": {
                    "action": "show_text",
                    "value": {
                      "text": "Go to The Wasteland",
                      "bold": true,
                      "color": "red"
                    }
                  },
                  "color": "#ffcc66"
                },
                "\n",
                {
                  "text": "████████████\n████████████",
                  "click_event": {
                    "action": "run_command",
                    "command": "/trigger volcanotele set 1"
                  },
                  "hover_event": {
                    "action": "show_text",
                    "value": {
                      "text": "Go to The Wasteland",
                      "bold": true,
                      "color": "red"
                    }
                  },
                  "color": "#ffcc66"
                },
                "\n",
                {
                  "text": "████████████",
                  "click_event": {
                    "action": "run_command",
                    "command": "/trigger volcanotele set 1"
                  },
                  "hover_event": {
                    "action": "show_text",
                    "value": {
                      "text": "Go to The Wasteland",
                      "bold": true,
                      "color": "red"
                    }
                  },
                  "color": "#ffcc66"
                },
                "\n",
                {
                  "text": "████████████",
                  "click_event": {
                    "action": "run_command",
                    "command": "/trigger volcanotele set 1"
                  },
                  "hover_event": {
                    "action": "show_text",
                    "value": {
                      "text": "Go to The Wasteland",
                      "bold": true,
                      "color": "red"
                    }
                  },
                  "color": "#ffcc66"
                }
              ]],
              "mode": "replace_all"
            },
            {
              "function": "minecraft:set_book_cover",
              "generation": 3
            }
          ]
        }
      ]
    }
  ]
}
