{
	"processors": [
	  {
		"processor_type": "minecraft:rule",
		"rules": [
		  {
			"location_predicate": {
			  "predicate_type": "minecraft:always_true"
			},
			"input_predicate": {
			  "predicate_type": "minecraft:random_block_match",
			  "block": "minecraft:polished_blackstone",
			  "probability": 0.1
			},
			"output_state": {
			  "Name": "minecraft:air"
			}
		  },
		  {
			"location_predicate": {
			  "predicate_type": "minecraft:always_true"
			},
			"input_predicate": {
			  "predicate_type": "minecraft:random_block_match",
			  "block": "minecraft:polished_blackstone_brick_stairs",
			  "probability": 0.08
			},
			"output_state": {
			  "Name": "minecraft:air"
			}
		  }
		]
	  }
	]
  }
  