{
  "pools": [
    {
      "rolls": 1,
      "entries": [
        {
          "type": "minecraft:item",
          "name": "minecraft:enchanted_book",
          "functions": [
            {
              "function": "minecraft:set_count",
              "count": 1
            },
            {
              "function": "minecraft:set_name",
              "entity": "this",
              "name": {
                "text": "Linking Book",
                "color": "green",
                "italic": false
              }
            },
            {
              "function": "minecraft:copy_custom_data",
              "source": "this",
              "ops": [
                {
                  "source": "Pos",
                  "target": "Warp",
                  "op": "replace"
                }
              ]
            },
            {
              "function": "minecraft:copy_custom_data",
              "source": "this",
              "ops": [
                {
                  "source": "Dimension",
                  "target": "WarpDim",
                  "op": "replace"
                }
              ]
            },
            {
              "function": "minecraft:set_custom_model_data",
              "strings": {
                "values": [
                  "linkbook"
                ],
                "mode": "replace_all"
              }
            },
            {
              "function": "minecraft:set_components",
              "components": {
                "minecraft:consumable": {
                  "consume_seconds": 999999,
                  "animation": "none",
                  "has_consume_particles": false
                },
                "minecraft:max_stack_size": 1,
                "minecraft:enchantment_glint_override": false
              }
            },
            {
              "function": "minecraft:set_custom_data",
              "tag": {"linkbook":true}
            },
            {
              "function": "minecraft:set_lore",
              "entity": "this",
              "lore": [
                {
                  "text": "Overworld",
                  "italic": false
                }
              ],
              "mode": "replace_all",
              "conditions": [
                {
                  "condition": "minecraft:location_check",
                  "predicate": {
                    "dimension": "minecraft:overworld"
                  }
                }
              ]
            },
            {
              "function": "minecraft:set_lore",
              "entity": "this",
              "lore": [
                {
                  "text": "The Nether",
                  "italic": false
                }
              ],
              "mode": "replace_all",
              "conditions": [
                {
                  "condition": "minecraft:location_check",
                  "predicate": {
                    "dimension": "minecraft:the_nether"
                  }
                }
              ]
            },
            {
              "function": "minecraft:set_lore",
              "entity": "this",
              "lore": [
                {
                  "text": "The End",
                  "italic": false
                }
              ],
              "mode": "replace_all",
              "conditions": [
                {
                  "condition": "minecraft:location_check",
                  "predicate": {
                    "dimension": "minecraft:the_end"
                  }
                }
              ]
            },
            {
              "function": "minecraft:set_lore",
              "entity": "this",
              "lore": [
                {
                  "text": "Archipelago",
                  "italic": false
                }
              ],
              "mode": "replace_all",
              "conditions": [
                {
                  "condition": "minecraft:location_check",
                  "predicate": {
                    "dimension": "mystworlds:archipelago"
                  }
                }
              ]
            },
            {
              "function": "minecraft:set_lore",
              "entity": "this",
              "lore": [
                {
                  "text": "Sanctuary",
                  "italic": false
                }
              ],
              "mode": "replace_all",
              "conditions": [
                {
                  "condition": "minecraft:location_check",
                  "predicate": {
                    "dimension": "mystworlds:sanctuary"
                  }
                }
              ]
            },
            {
              "function": "minecraft:set_lore",
              "entity": "this",
              "lore": [
                {
                  "text": "Wasteland",
                  "italic": false
                }
              ],
              "mode": "replace_all",
              "conditions": [
                {
                  "condition": "minecraft:location_check",
                  "predicate": {
                    "dimension": "mystworlds:wasteland"
                  }
                }
              ]
            },
            {
              "function": "minecraft:set_lore",
              "entity": "this",
              "lore": [
                {
                  "text": "The Warrens",
                  "italic": false
                }
              ],
              "mode": "replace_all",
              "conditions": [
                {
                  "condition": "minecraft:location_check",
                  "predicate": {
                    "dimension": "mystworlds:warrens"
                  }
                }
              ]
            },
            {
              "function": "minecraft:set_lore",
              "entity": "this",
              "lore": [
                {
                  "text": "Skylands",
                  "italic": false
                }
              ],
              "mode": "replace_all",
              "conditions": [
                {
                  "condition": "minecraft:location_check",
                  "predicate": {
                    "dimension": "mystworlds:skyland"
                  }
                }
              ]
            },
            {
              "function": "minecraft:set_lore",
              "entity": "this",
              "lore": [
                {
                  "text": "Pocket Dimension",
                  "italic": false
                }
              ],
              "mode": "replace_all",
              "conditions": [
                {
                  "condition": "minecraft:location_check",
                  "predicate": {
                    "dimension": "mystworlds:small"
                  }
                }
              ]
            },
            {
              "function": "minecraft:set_lore",
              "entity": "this",
              "lore": [
                {
                  "text": "The Blizzard",
                  "italic": false
                }
              ],
              "mode": "replace_all",
              "conditions": [
                {
                  "condition": "minecraft:location_check",
                  "predicate": {
                    "dimension": "mystworlds:ice"
                  }
                }
              ]
            }
          ]
        }
      ]
    }
  ]
}
