{
  "pools": [
    {
      "rolls": 1,
      "entries": [
        {
          "type": "minecraft:item",
          "name": "minecraft:enchanted_book",
          "functions": [
            {
              "function": "minecraft:set_custom_model_data",
              "strings": {
                "values": [
                  "playerbook"
                ],
                "mode": "replace_all"
              }
            },
            {
              "function": "minecraft:set_custom_data",
              "tag": {"playerbook":true}
            },
            {
              "function": "minecraft:set_name",
              "entity": "this",
              "name": {
                "text": "Player Book",
                "color": "red",
                "italic": false
              }
            },
            {
              "function": "minecraft:set_components",
              "components": {
                "minecraft:consumable": {
                  "consume_seconds": 999999,
                  "animation": "none",
                  "has_consume_particles": false
                },
                "minecraft:max_stack_size": 1,
                "minecraft:enchantment_glint_override": false,
                "!minecraft:rarity": {}
              }
            },
            {
              "function": "minecraft:copy_custom_data",
              "source": "this",
              "ops": [
                {
                  "source": "Item.components.minecraft:profile.id",
                  "target": "playeruuid",
                  "op": "replace"
                }
              ]
            },
            {
              "function": "minecraft:set_lore",
              "entity": "this",
              "lore": [
                {
                  "nbt": "Item.components.minecraft:profile.name",
                  "entity": "@e[type=item,nbt={Item:{id:\"minecraft:player_head\",count:1}},limit=1,sort=nearest,distance=0..1]",
                  "italic": false
                }
              ],
              "mode": "replace_all"
            }
          ]
        }
      ]
    }
  ]
}
