{
    "type": "minecraft:archaeology",
    "pools": [
      {
        "rolls": 1,
        "bonus_rolls": 0,
        "entries": [
          {
            "type": "minecraft:item",
            "name": "minecraft:map",
            "functions": [
              {
                "function": "minecraft:exploration_map",
                "destination": "limbo:portal",
                "decoration": "banner_white",
                "zoom": 3,
                "search_radius": 75,
                "skip_existing_chunks": false
              },
              {
                "function": "minecraft:set_name",
                "target": "item_name",
                "name": {
                  "text": "Ancient Structure",
                  "color": "white",
                  "bold": true
                }
              }
            ]
          }
        ]
      }
    ],
    "random_sequence": "minecraft:chests/shipwreck_map"
  }
  