{
    "temperature": 0.5,
    "downfall": 1,
    "has_precipitation": true,
    "effects": {
      "sky_color": 6410748,
      "fog_color": 936423,
      "water_color": 2384383,
      "water_fog_color": 1591456,
      "grass_color": 39206,
      "foliage_color": 358947
    },
    "spawners": {
      "ambient": [],
      "creature": [
        {
          "type": "minecraft:rabbit",
          "weight": 10,
          "minCount": 1,
          "maxCount": 10
        },
        {
          "type": "minecraft:fox",
          "weight": 10,
          "minCount": 1,
          "maxCount": 10
        }
      ],
      "misc": [],
      "monster": [
        {
          "type": "minecraft:spider",
          "weight": 100,
          "minCount": 4,
          "maxCount": 4
        },
        {
          "type": "minecraft:skeleton",
          "weight": 100,
          "minCount": 4,
          "maxCount": 4
        },
        {
          "type": "minecraft:creeper",
          "weight": 100,
          "minCount": 4,
          "maxCount": 4
        },
        {
          "type": "minecraft:slime",
          "weight": 100,
          "minCount": 4,
          "maxCount": 4
        },
        {
          "type": "minecraft:enderman",
          "weight": 10,
          "minCount": 1,
          "maxCount": 4
        },
        {
          "type": "minecraft:witch",
          "weight": 5,
          "minCount": 1,
          "maxCount": 1
        },
        {
          "type": "minecraft:drowned",
          "weight": 100,
          "minCount": 1,
          "maxCount": 1
        }
      ],
      "underground_water_creature": [
        {
          "type": "minecraft:glow_squid",
          "weight": 3,
          "minCount": 4,
          "maxCount": 6
        }
      ],
      "water_ambient": [
        {
          "type": "minecraft:cod",
          "weight": 10,
          "minCount": 3,
          "maxCount": 6
        }
      ],
      "water_creature": [
        {
          "type": "minecraft:squid",
          "weight": 1,
          "minCount": 1,
          "maxCount": 4
        },
        {
          "type": "minecraft:dolphin",
          "weight": 1,
          "minCount": 1,
          "maxCount": 2
        },
        {
          "type": "minecraft:turtle",
          "weight": 1,
          "minCount": 3,
          "maxCount": 4
        }
      ]
    },
    "spawn_costs": {},
    "carvers": [],
    "features": [
      [],
      [],
      [],
      [
        "minecraft:oak"
      ],
      [
        "minecraft:dark_oak_checked",
        "minecraft:dark_forest_vegetation"
      ],
      [
        "mystworlds:archipelago_lantern"
      ],
      [
        "minecraft:ore_iron_upper",
        "minecraft:disk_clay",
        "minecraft:disk_gravel",
        "minecraft:disk_sand",
        "minecraft:ore_dirt",
        "minecraft:ore_gravel",
        "minecraft:ore_coal_upper",
        "minecraft:ore_diamond",
        "minecraft:ore_lapis",
        "minecraft:ore_clay",
        "minecraft:ore_lapis_buried",
        "minecraft:ore_diamond_buried",
        "minecraft:ore_diamond_large",
        "minecraft:ore_diamond_medium",
        "minecraft:ore_coal_lower",
        "minecraft:ore_copper_large",
        "minecraft:dripstone_cluster",
        "minecraft:amethyst_geode",
        "minecraft:glow_lichen",
        "minecraft:ore_tuff"
      ],
      [
        "minecraft:kelp_cold",
        "minecraft:seagrass_deep",
        "minecraft:sea_pickle",
        "minecraft:seagrass_cold"
      ],
      [
        "minecraft:spring_water",
        "minecraft:patch_pumpkin",
        "minecraft:patch_grass_plain",
        "minecraft:patch_tall_grass_2",
        "minecraft:patch_sugar_cane",
        "minecraft:brown_mushroom_normal",
        "minecraft:red_mushroom_normal",
        "minecraft:flower_plain",
        "mystworlds:ore_lapis_extra"
      ],
      [
        "minecraft:freeze_top_layer"
      ]
    ]
  }
  