{
  "temperature": 0.8,
  "downfall": 0.9,
  "has_precipitation": true,
  "effects": {
    "sky_color": 7907327,
    "fog_color": 12638463,
    "water_color": 3832426,
    "water_fog_color": 5077600,
    "foliage_color": 9285927,
    "grass_color_modifier": "swamp",
    "music": [
      {
        "data": {
          "sound": "minecraft:music.overworld.swamp",
          "min_delay": 12000,
          "max_delay": 24000,
          "replace_current_music": false
        },
        "weight": 1
      }
    ]
  },
  "spawners": {
    "ambient": [
      {
        "type": "minecraft:bat",
        "weight": 10,
        "minCount": 8,
        "maxCount": 8
      }
    ],
    "axolotls": [],
    "creature": [
      {
        "type": "minecraft:frog",
        "weight": 10,
        "minCount": 2,
        "maxCount": 3
      }
    ],
    "misc": [],
    "monster": [
      {
        "type": "minecraft:spider",
        "weight": 100,
        "minCount": 4,
        "maxCount": 4
      },
      {
        "type": "minecraft:zombie",
        "weight": 95,
        "minCount": 4,
        "maxCount": 4
      },
      {
        "type": "minecraft:skeleton",
        "weight": 70,
        "minCount": 4,
        "maxCount": 4
      },
      {
        "type": "minecraft:slime",
        "weight": 100,
        "minCount": 4,
        "maxCount": 4
      },
      {
        "type": "minecraft:witch",
        "weight": 5,
        "minCount": 1,
        "maxCount": 1
      },
      {
        "type": "minecraft:slime",
        "weight": 1,
        "minCount": 1,
        "maxCount": 1
      },
      {
        "type": "minecraft:bogged",
        "weight": 30,
        "minCount": 4,
        "maxCount": 4
      }
    ],
    "underground_water_creature": [
      {
        "type": "minecraft:glow_squid",
        "weight": 10,
        "minCount": 4,
        "maxCount": 6
      }
    ],
    "water_ambient": [],
    "water_creature": []
  },
  "spawn_costs": {},
  "carvers": [],
  "features": [
    [],
    [],
    [
      "mystworlds:archipelago_swamp_talltree"
    ],
    [],
    [],
    [],
    [],
    [
      "minecraft:glow_lichen",
      "minecraft:patch_firefly_bush_near_water_swamp",
      "minecraft:patch_firefly_bush_swamp",
      "minecraft:trees_mangrove",
      "minecraft:patch_grass_normal",
      "minecraft:patch_dead_bush",
      "minecraft:patch_waterlily",
      "minecraft:seagrass_swamp"
    ],
    [
      "minecraft:freeze_top_layer"
    ]
  ]
}