{
    "temperature": 0.5,
    "downfall": 0.4,
    "has_precipitation": false,
    "effects": {
      "sky_color": 2700355,
      "fog_color": 0,
      "water_color": 16645887,
      "water_fog_color": 2039583,
      "grass_color": 789516,
      "foliage_color": 657930,
      "ambient_sound": "minecraft:ambient.basalt_deltas.loop",
      "particle": {
        "options": {
          "type": "minecraft:falling_obsidian_tear"
        },
        "probability": 0.02
      }
    },
    "spawners": {},
    "spawn_costs": {},
    "carvers": [],
    "features": []
  }
  