{
  "temperature": 0.5,
  "downfall": 0.4,
  "has_precipitation": false,
  "effects": {
    "sky_color": 2700355,
    "fog_color": 0,
    "water_color": 16645887,
    "water_fog_color": 2039583,
    "grass_color": 789516,
    "foliage_color": 657930,
    "ambient_sound": "minecraft:ambient.basalt_deltas.loop",
    "mood_sound": {
      "sound": "minecraft:ambient.cave",
      "tick_delay": 6000,
      "block_search_extent": 8,
      "offset": 2
    },
    "music": [
      {
        "data": {
          "sound": "minecraft:music.overworld.deep_dark",
          "min_delay": 12000,
          "max_delay": 24000,
          "replace_current_music": false
        },
        "weight": 1
      }
    ]
  },
  "spawners": {},
  "spawn_costs": {},
  "carvers": [],
  "features": []
}