{
  "temperature": 2,
  "downfall": 0,
  "has_precipitation": false,
  "effects": {
    "sky_color": 11336929,
    "fog_color": 16774552,
    "water_color": 5071528,
    "water_fog_color": 0,
    "grass_color": 14904407,
    "foliage_color": 13734216,
    "mood_sound": {
      "sound": "minecraft:ambient.cave",
      "tick_delay": 6000,
      "block_search_extent": 8,
      "offset": 2
    },
    "music": [
      {
        "data": {
          "sound": "minecraft:music.overworld.desert",
          "min_delay": 12000,
          "max_delay": 24000,
          "replace_current_music": false
        },
        "weight": 1
      }
    ],
    "particle": {
      "options": {
        "type": "minecraft:falling_dust",
        "block_state": "minecraft:sand"
      },
      "probability": 0.0005
    }
  },
  "spawners": {
    "ambient": [
      {
        "type": "minecraft:bat",
        "weight": 10,
        "minCount": 8,
        "maxCount": 8
      }
    ],
    "axolotls": [],
    "creature": [
      {
        "type": "minecraft:rabbit",
        "weight": 10,
        "minCount": 1,
        "maxCount": 2
      },
      {
        "type": "minecraft:armadillo",
        "weight": 1,
        "minCount": 1,
        "maxCount": 1
      },
      {
        "type": "minecraft:camel",
        "weight": 1,
        "minCount": 1,
        "maxCount": 1
      }
    ],
    "misc": [],
    "monster": [
      {
        "type": "minecraft:spider",
        "weight": 100,
        "minCount": 4,
        "maxCount": 4
      },
      {
        "type": "minecraft:skeleton",
        "weight": 100,
        "minCount": 4,
        "maxCount": 4
      },
      {
        "type": "minecraft:witch",
        "weight": 5,
        "minCount": 1,
        "maxCount": 1
      },
      {
        "type": "minecraft:husk",
        "weight": 80,
        "minCount": 4,
        "maxCount": 4
      }
    ],
    "underground_water_creature": [
      {
        "type": "minecraft:glow_squid",
        "weight": 10,
        "minCount": 4,
        "maxCount": 6
      }
    ],
    "water_ambient": [],
    "water_creature": []
  },
  "spawn_costs": {},
  "carvers": [
    "minecraft:cave",
    "minecraft:cave_extra_underground",
    "minecraft:canyon"
  ],
  "features": [
    [],
    [
      "minecraft:lake_lava_underground"
    ],
    [],
    [
      "minecraft:fossil_upper",
      "minecraft:fossil_lower",
      "minecraft:monster_room",
      "minecraft:monster_room_deep"
    ],
    [],
    [],
    [
      "minecraft:ore_granite_upper",
      "minecraft:ore_granite_lower",
      "minecraft:ore_andesite_upper",
      "minecraft:ore_andesite_lower",
      "minecraft:ore_tuff",
      "minecraft:ore_coal_upper",
      "minecraft:ore_coal_lower",
      "minecraft:ore_iron_upper",
      "minecraft:ore_iron_middle",
      "minecraft:ore_iron_small",
      "minecraft:ore_gold",
      "minecraft:ore_gold_lower",
      "minecraft:ore_redstone",
      "minecraft:ore_redstone_lower",
      "minecraft:ore_diamond",
      "minecraft:ore_diamond_medium",
      "minecraft:ore_diamond_large",
      "minecraft:ore_diamond_buried",
      "minecraft:ore_lapis",
      "minecraft:ore_lapis_buried",
      "minecraft:ore_copper",
      "minecraft:disk_sand",
      "minecraft:disk_gravel",
      "minecraft:patch_dry_grass_desert"
    ],
    [],
    [
      "minecraft:spring_lava"
    ],
    [
      "minecraft:glow_lichen",
      "minecraft:patch_grass_badlands",
      "minecraft:patch_dead_bush_2",
      "minecraft:brown_mushroom_normal",
      "minecraft:red_mushroom_normal",
      "minecraft:patch_sugar_cane_desert",
      "minecraft:patch_cactus_desert"
    ],
    [
      "minecraft:freeze_top_layer"
    ]
  ]
}