{
	"fallback": "minecraft:empty",
	"elements": [
	  {
		"weight": 5,
		"element": {
		  "element_type": "minecraft:single_pool_element",
		  "projection": "rigid",
		  "location": "limbo:hut/scavengers/enchanter_specialist",
		  "processors": "minecraft:empty"
		}
	  },
      {
		"weight": 5,
		"element": {
		  "element_type": "minecraft:single_pool_element",
		  "projection": "rigid",
		  "location": "limbo:hut/scavengers/herbalist_specialist",
		  "processors": "minecraft:empty"
		}
	  },
      {
		"weight": 5,
		"element": {
		  "element_type": "minecraft:single_pool_element",
		  "projection": "rigid",
		  "location": "limbo:hut/scavengers/shaman_specialist",
		  "processors": "minecraft:empty"
		}
	  },
      {
		"weight": 5,
		"element": {
		  "element_type": "minecraft:single_pool_element",
		  "projection": "rigid",
		  "location": "limbo:hut/scavengers/smith_specialist",
		  "processors": "minecraft:empty"
		}
	  }
	]
  }
  