{
    "type": "minecraft:crafting_shapeless",
    "ingredients": [
    "minecraft:book",
    "minecraft:shears"
    ],
    "result": {
      "id": "minecraft:enchanted_book",
      "components": {
        "minecraft:max_stack_size": 1,
        "minecraft:custom_data": {
          "tornbook": true
        },
        "minecraft:consumable": {
          "consume_seconds": 999999,
          "animation": "none",
          "has_consume_particles": false,
          "on_consume_effects": []
        },
        "minecraft:enchantment_glint_override": false,
        "!minecraft:rarity": {},
        "minecraft:custom_model_data": {
          "strings": [
            "tornbook"
          ]
        },
        "minecraft:custom_name": {"italic":false,"text":"Torn Book"},
        "minecraft:lore": [{"italic":false,"obfuscated": true,"text":"Random Teleport"}]
      }
    }
  }