{
    "type": "minecraft:crafting_shapeless",
    "ingredients": [
    "minecraft:book",
    "minecraft:ender_pearl"
    ],
    "result": {
      "id": "minecraft:enchanted_book",
      "components": {
        "minecraft:max_stack_size": 1,
        "minecraft:custom_data": {
          "unlinkbook": true
        },
        "minecraft:consumable": {
          "consume_seconds": 999999,
          "animation": "none",
          "has_consume_particles": false,
          "on_consume_effects": []
        },
        "minecraft:enchantment_glint_override": false,
        "!minecraft:rarity": {},
        "minecraft:custom_model_data": {
          "strings": [
            "unlinkbook"
          ]
        },
        "minecraft:custom_name": {"italic":false,"text":"Empty Linking Book"},
        "minecraft:lore": [{"italic":false,"text":"Use to Establish Link"}]
      }
    }
  }