{
  "type": "mystworlds:myst_default",
  "generator": {
    "type": "minecraft:noise",
    "settings": "mystworlds:ice",
    "biome_source": {
      "type": "minecraft:multi_noise",
      "biomes": [
        {
          "biome": "mystworlds:ice_surface",
          "parameters": {
            "temperature": 0,
            "humidity": 1,
            "continentalness": 0,
            "erosion": 0,
            "weirdness": 0,
            "depth": 1,
            "offset": 0
          }
        },
        {
          "biome": "mystworlds:ice_mountains",
          "parameters": {
            "temperature": 0,
            "humidity": -1,
            "continentalness": 0,
            "erosion": 0,
            "weirdness": 0,
            "depth": 1,
            "offset": 0
          }
        },
        {
          "biome": "mystworlds:ice_underground",
          "parameters": {
            "temperature": 0,
            "humidity": -1,
            "continentalness": 0,
            "erosion": 0,
            "weirdness": 1,
            "depth": -1,
            "offset": 0
          }
        }
      ]
    }
  }
}
