{
  "type": "mystworlds:myst_default",
  "generator": {
    "type": "minecraft:noise",
    "settings": "mystworlds:wasteland",
    "biome_source": {
      "type": "minecraft:multi_noise",
      "biomes": [
        {
          "biome": "mystworlds:wasteland_desert",
          "parameters": {
            "temperature": 0,
            "humidity": -0.5,
            "continentalness": 0,
            "erosion": 0,
            "weirdness": 0,
            "depth": 1,
            "offset": 0
          }
        },
        {
          "biome": "mystworlds:wasteland_volcano",
          "parameters": {
            "temperature": 0,
            "humidity": 0.5,
            "continentalness": 0,
            "erosion": 0,
            "weirdness": 0,
            "depth": 1,
            "offset": 0
          }
        },
        {
          "biome": "mystworlds:wasteland_underground",
          "parameters": {
            "temperature": 0,
            "humidity": 0,
            "continentalness": 0,
            "erosion": 0,
            "weirdness": 1,
            "depth": -0.5,
            "offset": 0
          }
        }
      ]
    }
  }
}
