{
    "feature": "minecraft:ore_gold",
    "placement": [
      {
        "type": "minecraft:count",
        "count": 20
      },
      {
        "type": "minecraft:in_square"
      },
      {
        "type": "minecraft:height_range",
        "height": {
          "type": "minecraft:uniform",
          "max_inclusive": {
            "absolute": 70
          },
          "min_inclusive": {
            "absolute": -32
          }
        }
      },
      {
        "type": "minecraft:biome"
      }
    ]
  }