{
    "feature": "minecraft:ore_iron",
    "placement": [
      {
        "type": "minecraft:count",
        "count": 30
      },
      {
        "type": "minecraft:in_square"
      },
      {
        "type": "minecraft:height_range",
        "height": {
          "type": "minecraft:uniform",
          "max_inclusive": {
            "absolute": 56
          },
          "min_inclusive": {
            "absolute": -32
          }
        }
      },
      {
        "type": "minecraft:biome"
      }
    ]
  }