{
  "sea_level": 128,
  "disable_mob_generation": false,
  "aquifers_enabled": true,
  "ore_veins_enabled": true,
  "legacy_random_source": false,
  "default_block": {
    "Name": "minecraft:stone"
  },
  "default_fluid": {
    "Name": "minecraft:water",
    "Properties": {
      "level": "0"
    }
  },
  "noise": {
    "min_y": -64,
    "height": 512,
    "size_horizontal": 1,
    "size_vertical": 1
  },
  "noise_router": {
    "barrier": {
      "type": "minecraft:noise",
      "noise": "minecraft:aquifer_barrier",
      "xz_scale": 0.1,
      "y_scale": 0.1
    },
    "fluid_level_floodedness": 1,
    "fluid_level_spread": {
      "type": "minecraft:noise",
      "noise": "minecraft:aquifer_fluid_level_spread",
      "xz_scale": 1,
      "y_scale": 0.7142857142857143
    },
    "lava": {
      "type": "minecraft:noise",
      "noise": "minecraft:aquifer_lava",
      "xz_scale": 1,
      "y_scale": 1
    },
    "temperature": {
      "type": "minecraft:shifted_noise",
      "noise": "minecraft:temperature",
      "xz_scale": 0.25,
      "y_scale": 0,
      "shift_x": "minecraft:shift_x",
      "shift_y": 0,
      "shift_z": "minecraft:shift_z"
    },
    "vegetation": {
      "type": "minecraft:shifted_noise",
      "noise": "minecraft:vegetation",
      "xz_scale": 0.25,
      "y_scale": 0,
      "shift_x": "minecraft:shift_x",
      "shift_y": 0,
      "shift_z": "minecraft:shift_z"
    },
    "continents": "minecraft:overworld/continents",
    "erosion": "minecraft:overworld/erosion",
    "depth": {
      "type": "minecraft:y_clamped_gradient",
      "from_y": 100,
      "to_y": 126,
      "from_value": 1,
      "to_value": -1
    },
    "ridges": {

      "type": "range_choice",
      "min_inclusive": -0.1,
      "max_exclusive": 0.9999999999999999,
      "input": {

        "type": "interpolated",
        "argument": {

          "type": "end_islands"
        }
      },
      "when_in_range": {

        "type": "mul",
        "argument1": {

          "type": "add",
          "argument1": "minecraft:overworld/ridges",
          "argument2": -0.15
        },
        "argument2": 3
      },
      "when_out_of_range": -0.4
    },
    "initial_density_without_jaggedness": 0,
    "final_density": {

      "type": "squeeze",
      "argument": {

        "type": "max",
        "argument1": {

          "type": "add",
          "argument1": {

            "type": "add",
            "argument1": {

              "type": "y_clamped_gradient",
              "from_y": 64,
              "to_y": 88,
              "from_value": 0,
              "to_value": -1
            },
            "argument2": {

              "type": "add",
              "argument1": {

                "type": "y_clamped_gradient",
                "from_y": -64,
                "to_y": -32,
                "from_value": 1,
                "to_value": 0
              },
              "argument2": {

                "type": "y_clamped_gradient",
                "from_y": 80,
                "to_y": 999,
                "from_value": 0,
                "to_value": -3
              }
            }
          },
          "argument2": {

            "type": "add",
            "argument1": {

              "type": "noise",
              "noise": "minecraft:cave_cheese",
              "xz_scale": -1,
              "y_scale": 0.40000000000000013
            },
            "argument2": {

              "type": "add",
              "argument1": {

                "type": "noise",
                "noise": "minecraft:cave_entrance",
                "xz_scale": 1,
                "y_scale": 1
              },
              "argument2": 0.2
            }
          }
        },
        "argument2": {

          "type": "add",
          "argument1": {

            "type": "clamp",
            "min": -0.5,
            "max": 0,
            "input": {

              "type": "squeeze",
              "argument": {

                "type": "add",
                "argument1": {

                  "type": "interpolated",
                  "argument": {

                    "type": "mul",
                    "argument1": {

                      "type": "add",
                      "argument1": {

                        "type": "add",
                        "argument1": {

                          "type": "end_islands"
                        },
                        "argument2": 0.2
                      },
                      "argument2": {

                        "type": "y_clamped_gradient",
                        "from_y": -64,
                        "to_y": 180,
                        "from_value": 0,
                        "to_value": -0.1
                      }
                    },
                    "argument2": 10
                  }
                },
                "argument2": {

                  "type": "clamp",
                  "min": -2.0000000000000004,
                  "max": 2.500000000000001,
                  "input": {

                    "type": "noise",
                    "noise": "minecraft:aquifer_barrier",
                    "xz_scale": 0.20000000000000004,
                    "y_scale": 0.30000000000000004
                  }
                }
              }
            }
          },
          "argument2": {

            "type": "add",
            "argument1": {

              "type": "squeeze",
              "argument": {

                "type": "add",
                "argument1": {

                  "type": "y_clamped_gradient",
                  "from_y": -12,
                  "to_y": 50,
                  "from_value": -0.6000000000000001,
                  "to_value": 0
                },
                "argument2": {

                  "type": "y_clamped_gradient",
                  "from_y": 133,
                  "to_y": 250,
                  "from_value": -0.00001,
                  "to_value": -0.5
                }
              }
            },
            "argument2": {

              "type": "squeeze",
              "argument": {

                "type": "add",
                "argument1": {

                  "type": "squeeze",
                  "argument": {

                    "type": "clamp",
                    "min": -0.001,
                    "max": 4.999999999999999,
                    "input": {

                      "type": "add",
                      "argument1": {

                        "type": "min",
                        "argument1": {

                          "type": "add",
                          "argument1": {

                            "type": "squeeze",
                            "argument": {

                              "type": "noise",
                              "noise": "minecraft:aquifer_barrier",
                              "xz_scale": 0.009999999999999995,
                              "y_scale": 0.009999999999999995
                            }
                          },
                          "argument2": {

                            "type": "add",
                            "argument1": {

                              "type": "mul",
                              "argument1": "minecraft:overworld/ridges",
                              "argument2": 3.0
                            },
                            "argument2": -0.9
                          }
                        },
                        "argument2": {

                          "type": "squeeze",
                          "argument": {

                            "type": "add",
                            "argument1": {

                              "type": "add",
                              "argument1": {

                                "type": "add",
                                "argument1": {

                                  "type": "y_clamped_gradient",
                                  "from_y": 80,
                                  "to_y": 110,
                                  "from_value": -1.5,
                                  "to_value": 0
                                },
                                "argument2": {

                                  "type": "y_clamped_gradient",
                                  "from_y": 127,
                                  "to_y": 130,
                                  "from_value": 0,
                                  "to_value": -1.5
                                }
                              },
                              "argument2": {

                                "type": "clamp",
                                "min": -1,
                                "max": 1,
                                "input": {

                                  "type": "noise",
                                  "noise": "minecraft:surface_swamp",
                                  "xz_scale": 1.3999999999999995,
                                  "y_scale": 0.15
                                }
                              }
                            },
                            "argument2": {

                              "type": "mul",
                              "argument1": {

                                "type": "noise",
                                "noise": "minecraft:gravel",
                                "xz_scale": 0.2,
                                "y_scale": 0.20000000000000004
                              },
                              "argument2": 0.20000000000000004
                            }
                          }
                        }
                      },
                      "argument2": 0.1
                    }
                  }
                },
                "argument2": {

                  "type": "clamp",
                  "min": -0.01,
                  "max": 5,
                  "input": {

                    "type": "squeeze",
                    "argument": {

                      "type": "min",
                      "argument1": {

                        "type": "squeeze",
                        "argument": {

                          "type": "add",
                          "argument1": {

                            "type": "add",
                            "argument1": {

                              "type": "mul",
                              "argument1": {

                                "type": "squeeze",
                                "argument": {

                                  "type": "noise",
                                  "noise": "minecraft:pillar",
                                  "xz_scale": 2.1,
                                  "y_scale": 0.10000000000000003
                                }
                              },
                              "argument2": -0.9999999999999999
                            },
                            "argument2": -0.05
                          },
                          "argument2": {

                            "type": "squeeze",
                            "argument": {

                              "type": "add",
                              "argument1": {

                                "type": "noise",
                                "noise": "minecraft:netherrack",
                                "xz_scale": 0.40000000000000013,
                                "y_scale": 0.05000000000000002
                              },
                              "argument2": -0.10000000000000003
                            }
                          }
                        }
                      },
                      "argument2": {

                        "type": "add",
                        "argument1": {

                          "type": "add",
                          "argument1": {

                            "type": "interpolated",
                            "argument": {

                              "type": "mul",
                              "argument1": "minecraft:overworld/ridges",
                              "argument2": -1
                            }
                          },
                          "argument2": -0.05
                        },
                        "argument2": {

                          "type": "squeeze",
                          "argument": {

                            "type": "noise",
                            "noise": "minecraft:aquifer_barrier",
                            "xz_scale": 0.015,
                            "y_scale": 0.03
                          }
                        }
                      }
                    }
                  }
                }
              }
            }
          }
        }
      }
    },
    "vein_toggle": {
      "type": "minecraft:interpolated",
      "argument": {
        "type": "minecraft:range_choice",
        "input": "minecraft:y",
        "min_inclusive": -60,
        "max_exclusive": 51,
        "when_in_range": {
          "type": "minecraft:noise",
          "noise": "minecraft:ore_veininess",
          "xz_scale": 1.5,
          "y_scale": 1.5
        },
        "when_out_of_range": 0
      }
    },
    "vein_ridged": {
      "type": "minecraft:add",
      "argument1": -0.07999999821186066,
      "argument2": {
        "type": "minecraft:max",
        "argument1": {
          "type": "minecraft:abs",
          "argument": {
            "type": "minecraft:interpolated",
            "argument": {
              "type": "minecraft:range_choice",
              "input": "minecraft:y",
              "min_inclusive": -60,
              "max_exclusive": 51,
              "when_in_range": {
                "type": "minecraft:noise",
                "noise": "minecraft:ore_vein_a",
                "xz_scale": 4,
                "y_scale": 4
              },
              "when_out_of_range": 0
            }
          }
        },
        "argument2": {
          "type": "minecraft:abs",
          "argument": {
            "type": "minecraft:interpolated",
            "argument": {
              "type": "minecraft:range_choice",
              "input": "minecraft:y",
              "min_inclusive": -60,
              "max_exclusive": 51,
              "when_in_range": {
                "type": "minecraft:noise",
                "noise": "minecraft:ore_vein_b",
                "xz_scale": 4,
                "y_scale": 4
              },
              "when_out_of_range": 0
            }
          }
        }
      }
    },
    "vein_gap": {
      "type": "minecraft:noise",
      "noise": "minecraft:ore_gap",
      "xz_scale": 1,
      "y_scale": 1
    }
  },
  "spawn_target": [],
  "surface_rule": {
    "type": "minecraft:sequence",
    "sequence": [
      {
        "type": "minecraft:condition",
        "if_true": {
          "type": "minecraft:vertical_gradient",
          "random_name": "minecraft:bedrock_floor",
          "true_at_and_below": {
            "above_bottom": 0
          },
          "false_at_and_above": {
            "above_bottom": -11
          }
        },
        "then_run": {
          "type": "minecraft:block",
          "result_state": {
            "Name": "minecraft:bedrock"
          }
        }
      },
      {
        "type": "minecraft:condition",
        "if_true": {
          "type": "minecraft:vertical_gradient",
          "random_name": "minecraft:deepslate",
          "true_at_and_below": {
            "absolute": 0
          },
          "false_at_and_above": {
            "absolute": 8
          }
        },
        "then_run": {
          "type": "minecraft:block",
          "result_state": {
            "Name": "minecraft:deepslate",
            "Properties": {
              "axis": "y"
            }
          }
        }
      },
      {
        "type": "minecraft:condition",
        "if_true": {
          "type": "minecraft:biome",
          "biome_is": [
            "mystworlds:archipelago_swamp"
          ]
        },
        "then_run": {
          "type": "minecraft:condition",
          "if_true": {
            "type": "minecraft:stone_depth",
            "offset": 0,
            "surface_type": "floor",
            "add_surface_depth": false,
            "secondary_depth_range": 2
          },
          "then_run": {
            "type": "minecraft:condition",
            "if_true": {
              "type": "minecraft:noise_threshold",
              "noise": "minecraft:aquifer_barrier",
              "min_threshold": 0,
              "max_threshold": 4
            },
            "then_run": {
              "type": "minecraft:block",
              "result_state": {
                "Name": "minecraft:mud"
              }
            }
          }
        }
      },
      {
        "type": "minecraft:condition",
        "if_true": {
          "type": "minecraft:biome",
          "biome_is": [
            "mystworlds:archipelago_water"
          ]
        },
        "then_run": {
          "type": "minecraft:condition",
          "if_true": {
            "type": "minecraft:stone_depth",
            "offset": 0,
            "surface_type": "floor",
            "add_surface_depth": false,
            "secondary_depth_range": 1
          },
          "then_run": {
            "type": "minecraft:block",
            "result_state": {
              "Name": "minecraft:gravel"
            }
          }
        }
      },
      {
        "type": "minecraft:condition",
        "if_true": {
          "type": "minecraft:stone_depth",
          "offset": 0,
          "surface_type": "floor",
          "add_surface_depth": false,
          "secondary_depth_range": 0
        },
        "then_run": {
          "type": "minecraft:condition",
          "if_true": {
            "type": "minecraft:water",
            "offset": 0,
            "surface_depth_multiplier": 0,
            "add_stone_depth": false
          },
          "then_run": {
            "type": "minecraft:block",
            "result_state": {
              "Name": "minecraft:grass_block",
              "Properties": {
                "snowy": "false"
              }
            }
          }
        }
      },
      {
        "type": "minecraft:condition",
        "if_true": {
          "type": "minecraft:stone_depth",
          "offset": 0,
          "surface_type": "floor",
          "add_surface_depth": true,
          "secondary_depth_range": 1
        },
        "then_run": {
          "type": "minecraft:sequence",
          "sequence": [
            {
              "type": "minecraft:condition",
              "if_true": {
                "type": "minecraft:water",
                "offset": 0,
                "surface_depth_multiplier": 0,
                "add_stone_depth": true
              },
              "then_run": {
                "type": "minecraft:block",
                "result_state": {
                  "Name": "minecraft:dirt"
                }
              }
            },
            {
              "type": "minecraft:block",
              "result_state": {
                "Name": "minecraft:andesite"
              }
            }
          ]
        }
      }
    ]
  }
}
