{
  "sea_level": -69,
  "disable_mob_generation": false,
  "aquifers_enabled": false,
  "ore_veins_enabled": true,
  "legacy_random_source": false,
  "default_block": {
    "Name": "minecraft:stone"
  },
  "default_fluid": {
    "Name": "minecraft:ice"
  },
  "noise": {
    "min_y": -64,
    "height": 512,
    "size_horizontal": 1,
    "size_vertical": 1
  },
  "noise_router": {
    "barrier": {
      "type": "minecraft:noise",
      "noise": "minecraft:aquifer_barrier",
      "xz_scale": 0,
      "y_scale": 0
    },
    "fluid_level_floodedness": 0,
    "fluid_level_spread": {
      "type": "minecraft:noise",
      "noise": "minecraft:aquifer_fluid_level_spread",
      "xz_scale": 0,
      "y_scale": 0
    },
    "lava": {
      "type": "minecraft:noise",
      "noise": "minecraft:aquifer_lava",
      "xz_scale": 1,
      "y_scale": 1
    },
    "temperature": {
      "type": "minecraft:shifted_noise",
      "noise": "minecraft:temperature",
      "xz_scale": 0.25,
      "y_scale": 0,
      "shift_x": "minecraft:shift_x",
      "shift_y": 0,
      "shift_z": "minecraft:shift_z"
    },
    "vegetation": {

      "type": "clamp",
      "min": -0.46,
      "max": 0.46,
      "input": {

        "type": "add",
        "argument1": {

          "type": "squeeze",
          "argument": {

            "type": "add",
            "argument1": {

              "type": "add",
              "argument1": {

                "type": "mul",
                "argument1": {

                  "type": "end_islands"
                },
                "argument2": 20
              },
              "argument2": 3.8
            },
            "argument2": {

              "type": "y_clamped_gradient",
              "from_y": 0,
              "to_y": 200,
              "from_value": 0,
              "to_value": 5
            }
          }
        },
        "argument2": {

          "type": "y_clamped_gradient",
          "from_y": 30,
          "to_y": 50,
          "from_value": 1,
          "to_value": 0
        }
      }
    },
    "continents": "minecraft:overworld/continents",
    "erosion": "minecraft:overworld/erosion",
    "depth": {
      "type": "minecraft:y_clamped_gradient",
      "from_y": 50,
      "to_y": 70,
      "from_value": -1,
      "to_value": 1
    },
    "ridges": {
      "type": "minecraft:range_choice",
      "input": {
        "type": "minecraft:end_islands"
      },
      "min_inclusive": -0.1,
      "max_exclusive": 0.9999999999999999,
      "when_in_range": "minecraft:overworld/ridges",
      "when_out_of_range": -0.4
    },
    "initial_density_without_jaggedness": 0,
    "final_density": {

      "type": "squeeze",
      "argument": {

        "type": "squeeze",
        "argument": {

          "type": "max",
          "argument1": {

            "type": "squeeze",
            "argument": {

              "type": "add",
              "argument1": {

                "type": "squeeze",
                "argument": {

                  "type": "add",
                  "argument1": {

                    "type": "add",
                    "argument1": {

                      "type": "noise",
                      "noise": "minecraft:surface_secondary",
                      "xz_scale": 0.6,
                      "y_scale": 0.9999999999999997
                    },
                    "argument2": {

                      "type": "y_clamped_gradient",
                      "from_y": 60,
                      "to_y": 100,
                      "from_value": 0,
                      "to_value": -2
                    }
                  },
                  "argument2": {

                    "type": "add",
                    "argument1": {

                      "type": "y_clamped_gradient",
                      "from_y": 60,
                      "to_y": 100,
                      "from_value": 0.7999999999999999,
                      "to_value": 0
                    },
                    "argument2": {

                      "type": "y_clamped_gradient",
                      "from_y": -64,
                      "to_y": -32,
                      "from_value": 2,
                      "to_value": 0
                    }
                  }
                }
              },
              "argument2": {

                "type": "clamp",
                "min": -0.40000000000000013,
                "max": 0,
                "input": {

                  "type": "add",
                  "argument1": {

                    "type": "clamp",
                    "min": -0.6000000000000001,
                    "max": -0.0001,
                    "input": {

                      "type": "add",
                      "argument1": {

                        "type": "noise",
                        "noise": "minecraft:noodle",
                        "xz_scale": 20,
                        "y_scale": 20
                      },
                      "argument2": {

                        "type": "y_clamped_gradient",
                        "from_y": 50,
                        "to_y": 200,
                        "from_value": 0,
                        "to_value": 4.000000000000002
                      }
                    }
                  },
                  "argument2": {

                    "type": "y_clamped_gradient",
                    "from_y": 50,
                    "to_y": 110,
                    "from_value": 0.01,
                    "to_value": 1
                  }
                }
              }
            }
          },
          "argument2": {

            "type": "add",
            "argument1": {

              "type": "clamp",
              "min": -0.23,
              "max": 0,
              "input": {

                "type": "squeeze",
                "argument": {

                  "type": "add",
                  "argument1": {

                    "type": "clamp",
                    "min": -10,
                    "max": 2,
                    "input": {

                      "type": "interpolated",
                      "argument": {

                        "type": "add",
                        "argument1": {

                          "type": "add",
                          "argument1": {

                            "type": "mul",
                            "argument1": {

                              "type": "cache_2d",
                              "argument": {

                                "type": "flat_cache",
                                "argument": {

                                  "type": "interpolated",
                                  "argument": {

                                    "type": "end_islands"
                                  }
                                }
                              }
                            },
                            "argument2": -20
                          },
                          "argument2": -4
                        },
                        "argument2": {

                          "type": "y_clamped_gradient",
                          "from_y": 0,
                          "to_y": 200,
                          "from_value": 0,
                          "to_value": -8
                        }
                      }
                    }
                  },
                  "argument2": {

                    "type": "clamp",
                    "min": -5,
                    "max": 1.8000000000000003,
                    "input": {

                      "type": "mul",
                      "argument1": {

                        "type": "noise",
                        "noise": "minecraft:surface",
                        "xz_scale": 1.0999999999999999,
                        "y_scale": 1.6000000000000003
                      },
                      "argument2": 1.3
                    }
                  }
                }
              }
            },
            "argument2": {

              "type": "add",
              "argument1": {

                "type": "squeeze",
                "argument": {

                  "type": "add",
                  "argument1": {

                    "type": "y_clamped_gradient",
                    "from_y": -32,
                    "to_y": 30,
                    "from_value": -0.6000000000000001,
                    "to_value": 0
                  },
                  "argument2": {

                    "type": "y_clamped_gradient",
                    "from_y": 50,
                    "to_y": 256,
                    "from_value": -0.00001,
                    "to_value": -0.6
                  }
                }
              },
              "argument2": {

                "type": "squeeze",
                "argument": {

                  "type": "add",
                  "argument1": {

                    "type": "squeeze",
                    "argument": {

                      "type": "clamp",
                      "min": -0.001,
                      "max": 4.999999999999999,
                      "input": {

                        "type": "add",
                        "argument1": {

                          "type": "add",
                          "argument1": 0,
                          "argument2": {

                            "type": "add",
                            "argument1": {

                              "type": "add",
                              "argument1": 0.1,
                              "argument2": {

                                "type": "y_clamped_gradient",
                                "from_y": 200,
                                "to_y": 256,
                                "from_value": 0,
                                "to_value": -1.5
                              }
                            },
                            "argument2": {

                              "type": "noise",
                              "noise": "minecraft:surface_secondary",
                              "xz_scale": 1.3,
                              "y_scale": 0.30000000000000004
                            }
                          }
                        },
                        "argument2": {

                          "type": "y_clamped_gradient",
                          "from_y": 50,
                          "to_y": 200,
                          "from_value": 0.6,
                          "to_value": 0
                        }
                      }
                    }
                  },
                  "argument2": {

                    "type": "clamp",
                    "min": -0.20000000000000004,
                    "max": -0.02,
                    "input": {

                      "type": "add",
                      "argument1": 0.6000000000000001,
                      "argument2": {

                        "type": "add",
                        "argument1": {

                          "type": "y_clamped_gradient",
                          "from_y": 100,
                          "to_y": 250,
                          "from_value": 0,
                          "to_value": 4
                        },
                        "argument2": {

                          "type": "noise",
                          "noise": "minecraft:noodle",
                          "xz_scale": 15,
                          "y_scale": 15
                        }
                      }
                    }
                  }
                }
              }
            }
          }
        }
      }
    },  
    "vein_toggle": {
      "type": "minecraft:interpolated",
      "argument": {
        "type": "minecraft:range_choice",
        "input": "minecraft:y",
        "min_inclusive": -60,
        "max_exclusive": 51,
        "when_in_range": {
          "type": "minecraft:noise",
          "noise": "minecraft:ore_veininess",
          "xz_scale": 1.5,
          "y_scale": 1.5
        },
        "when_out_of_range": 0
      }
    },
    "vein_ridged": {
      "type": "minecraft:add",
      "argument1": -0.07999999821186066,
      "argument2": {
        "type": "minecraft:max",
        "argument1": {
          "type": "minecraft:abs",
          "argument": {
            "type": "minecraft:interpolated",
            "argument": {
              "type": "minecraft:range_choice",
              "input": "minecraft:y",
              "min_inclusive": -60,
              "max_exclusive": 51,
              "when_in_range": {
                "type": "minecraft:noise",
                "noise": "minecraft:ore_vein_a",
                "xz_scale": 4,
                "y_scale": 4
              },
              "when_out_of_range": 0
            }
          }
        },
        "argument2": {
          "type": "minecraft:abs",
          "argument": {
            "type": "minecraft:interpolated",
            "argument": {
              "type": "minecraft:range_choice",
              "input": "minecraft:y",
              "min_inclusive": -60,
              "max_exclusive": 51,
              "when_in_range": {
                "type": "minecraft:noise",
                "noise": "minecraft:ore_vein_b",
                "xz_scale": 4,
                "y_scale": 4
              },
              "when_out_of_range": 0
            }
          }
        }
      }
    },
    "vein_gap": {
      "type": "minecraft:noise",
      "noise": "minecraft:ore_gap",
      "xz_scale": 1,
      "y_scale": 1
    }
  },
  "spawn_target": [],
  "surface_rule": {
    "type": "minecraft:sequence",
    "sequence": [
      {
        "type": "minecraft:condition",
        "if_true": {
          "type": "minecraft:vertical_gradient",
          "random_name": "minecraft:bedrock_floor",
          "true_at_and_below": {
            "absolute": -64
          },
          "false_at_and_above": {
            "absolute": -61
          }
        },
        "then_run": {
          "type": "minecraft:block",
          "result_state": {
            "Name": "minecraft:bedrock"
          }
        }
      },
      {
        "type": "minecraft:condition",
        "if_true": {
          "type": "minecraft:vertical_gradient",
          "random_name": "minecraft:deepslate",
          "true_at_and_below": {
            "absolute": 0
          },
          "false_at_and_above": {
            "absolute": 8
          }
        },
        "then_run": {
          "type": "minecraft:block",
          "result_state": {
            "Name": "minecraft:deepslate",
            "Properties": {
              "axis": "y"
            }
          }
        }
      },
      {
        "type": "minecraft:condition",
        "if_true": {
          "type": "minecraft:biome",
          "biome_is": [
            "mystworlds:ice_mountains"
          ]
        },
        "then_run": {
          "type": "minecraft:condition",
          "if_true": {
            "type": "minecraft:stone_depth",
            "offset": 20,
            "surface_type": "floor",
            "add_surface_depth": false,
            "secondary_depth_range": 0
          },
          "then_run": {
            "type": "minecraft:sequence",
            "sequence": [
              {
                "type": "minecraft:condition",
                "if_true": {
                  "type": "minecraft:steep"
                },
                "then_run": {
                  "type": "minecraft:block",
                  "result_state": {
                    "Name": "minecraft:packed_ice"
                  }
                }
              },
              {
                "type": "minecraft:condition",
                "if_true": {
                  "type": "minecraft:noise_threshold",
                  "noise": "minecraft:aquifer_barrier",
                  "min_threshold": 0.4,
                  "max_threshold": 4
                },
                "then_run": {
                  "type": "minecraft:block",
                  "result_state": {
                    "Name": "minecraft:powder_snow"
                  }
                }
              },
              {
                "type": "minecraft:block",
                "result_state": {
                  "Name": "minecraft:snow_block"
                }
              }
            ]
          }
        }
      },
      {
        "type": "minecraft:condition",
        "if_true": {
          "type": "minecraft:biome",
          "biome_is": [
            "mystworlds:ice_surface"
          ]
        },
        "then_run": {
          "type": "minecraft:sequence",
          "sequence": [
            {
              "type": "minecraft:condition",
              "if_true": {
                "type": "minecraft:stone_depth",
                "offset": 0,
                "surface_type": "floor",
                "add_surface_depth": true,
                "secondary_depth_range": 1
              },
              "then_run": {
                "type": "minecraft:sequence",
                "sequence": [
                  {
                    "type": "minecraft:condition",
                    "if_true": {
                      "type": "minecraft:noise_threshold",
                      "noise": "minecraft:aquifer_barrier",
                      "min_threshold": 0.4,
                      "max_threshold": 4
                    },
                    "then_run": {
                      "type": "minecraft:block",
                      "result_state": {
                        "Name": "minecraft:powder_snow"
                      }
                    }
                  },
                  {
                    "type": "minecraft:block",
                    "result_state": {
                      "Name": "minecraft:snow_block"
                    }
                  }
                ]
              }
            }
          ]
        }
      },
      {
        "type": "minecraft:sequence",
        "sequence": [
          {
            "type": "minecraft:condition",
            "if_true": {
              "type": "minecraft:noise_threshold",
              "noise": "minecraft:aquifer_barrier",
              "min_threshold": 0.5,
              "max_threshold": 4
            },
            "then_run": {
              "type": "minecraft:block",
              "result_state": {
                "Name": "minecraft:packed_ice"
              }
            }
          },
          {
            "type": "minecraft:block",
            "result_state": {
              "Name": "minecraft:stone"
            }
          }
        ]
      }
    ]
  }
}