{
  "sea_level": -64,
  "disable_mob_generation": false,
  "aquifers_enabled": false,
  "ore_veins_enabled": true,
  "legacy_random_source": false,
  "default_block": {
    "Name": "minecraft:stone"
  },
  "default_fluid": {
    "Name": "minecraft:air"
  },
  "noise": {
    "min_y": 0,
    "height": 320,
    "size_horizontal": 1,
    "size_vertical": 1
  },
  "noise_router": {
    "barrier": {
      "type": "minecraft:noise",
      "noise": "minecraft:aquifer_barrier",
      "xz_scale": 1,
      "y_scale": 0.5
    },
    "fluid_level_floodedness": 0,
    "fluid_level_spread": 0,
    "lava": 0,
    "temperature": {
      "type": "minecraft:shifted_noise",
      "noise": "minecraft:temperature",
      "xz_scale": 0.25,
      "y_scale": 0,
      "shift_x": "minecraft:shift_x",
      "shift_y": 0,
      "shift_z": "minecraft:shift_z"
    },
    "vegetation": {
      "type": "minecraft:shifted_noise",
      "noise": "minecraft:vegetation",
      "xz_scale": 0.25,
      "y_scale": 0,
      "shift_x": "minecraft:shift_x",
      "shift_y": 0,
      "shift_z": "minecraft:shift_z"
    },
    "continents": {

      "type": "mul",
      "argument1": {

        "type": "squeeze",
        "argument": {

          "type": "add",
          "argument1": {

            "type": "cache_2d",
            "argument": {

              "type": "flat_cache",
              "argument": {

                "type": "add",
                "argument1": {

                  "type": "clamp",
                  "min": -0.5,
                  "max": 0,
                  "input": {

                    "type": "squeeze",
                    "argument": {

                      "type": "add",
                      "argument1": {

                        "type": "clamp",
                        "min": -10,
                        "max": 2,
                        "input": {

                          "type": "interpolated",
                          "argument": {

                            "type": "add",
                            "argument1": {

                              "type": "add",
                              "argument1": {

                                "type": "mul",
                                "argument1": {

                                  "type": "add",
                                  "argument1": {

                                    "type": "cache_2d",
                                    "argument": {

                                      "type": "flat_cache",
                                      "argument": {

                                        "type": "interpolated",
                                        "argument": {

                                          "type": "end_islands"
                                        }
                                      }
                                    }
                                  },
                                  "argument2": 0.5
                                },
                                "argument2": 20
                              },
                              "argument2": 4
                            },
                            "argument2": {

                              "type": "y_clamped_gradient",
                              "from_y": -64,
                              "to_y": 264,
                              "from_value": 0,
                              "to_value": -5
                            }
                          }
                        }
                      },
                      "argument2": {

                        "type": "clamp",
                        "min": -5,
                        "max": 1.5,
                        "input": {

                          "type": "mul",
                          "argument1": {

                            "type": "noise",
                            "noise": "minecraft:surface",
                            "xz_scale": 0.6,
                            "y_scale": 0.7999999999999999
                          },
                          "argument2": 1.3
                        }
                      }
                    }
                  }
                },
                "argument2": {

                  "type": "squeeze",
                  "argument": {

                    "type": "mul",
                    "argument1": 0.52,
                    "argument2": {

                      "type": "interpolated",
                      "argument": {

                        "type": "blend_density",
                        "argument": {

                          "type": "add",
                          "argument1": -0.23,
                          "argument2": {

                            "type": "mul",
                            "argument1": {

                              "type": "y_clamped_gradient",
                              "from_y": -128,
                              "to_y": 0,
                              "from_value": 0,
                              "to_value": 0.97
                            },
                            "argument2": {

                              "type": "add",
                              "argument1": 0.25,
                              "argument2": {

                                "type": "add",
                                "argument1": -23.5,
                                "argument2": {

                                  "type": "mul",
                                  "argument1": {

                                    "type": "y_clamped_gradient",
                                    "from_y": 180,
                                    "to_y": 400,
                                    "from_value": 0.97,
                                    "to_value": 0
                                  },
                                  "argument2": {

                                    "type": "add",
                                    "argument1": 23.7,
                                    "argument2": "minecraft:end/base_3d_noise"
                                  }
                                }
                              }
                            }
                          }
                        }
                      }
                    }
                  }
                }
              }
            }
          },
          "argument2": 0.13
        }
      },
      "argument2": 2
    },
    "erosion": "minecraft:overworld/erosion",
    "depth": "minecraft:overworld/depth",
    "ridges": "minecraft:overworld/ridges",
    "initial_density_without_jaggedness": {
      "type": "minecraft:add",
      "argument1": -0.234375,
      "argument2": {
        "type": "minecraft:mul",
        "argument1": {
          "type": "minecraft:y_clamped_gradient",
          "from_y": -64,
          "to_y": 48,
          "from_value": 0,
          "to_value": 1
        },
        "argument2": {
          "type": "minecraft:add",
          "argument1": 0.234375,
          "argument2": {
            "type": "minecraft:add",
            "argument1": -23.4375,
            "argument2": {
              "type": "minecraft:mul",
              "argument1": {
                "type": "minecraft:y_clamped_gradient",
                "from_y": 56,
                "to_y": 568,
                "from_value": 1,
                "to_value": 0
              },
              "argument2": {
                "type": "minecraft:add",
                "argument1": 23.4375,
                "argument2": {
                  "type": "minecraft:add",
                  "argument1": -0.703125,
                  "argument2": {
                    "type": "minecraft:cache_2d",
                    "argument": {
                      "type": "minecraft:end_islands"
                    }
                  }
                }
              }
            }
          }
        }
      }
    },
    "final_density": {

      "type": "squeeze",
      "argument": {

        "type": "add",
        "argument1": {

          "type": "clamp",
          "min": -0.5,
          "max": 0,
          "input": {

            "type": "squeeze",
            "argument": {

              "type": "add",
              "argument1": {

                "type": "clamp",
                "min": -10,
                "max": 2,
                "input": {

                  "type": "interpolated",
                  "argument": {

                    "type": "add",
                    "argument1": {

                      "type": "add",
                      "argument1": {

                        "type": "mul",
                        "argument1": {

                          "type": "add",
                          "argument1": {

                            "type": "cache_2d",
                            "argument": {

                              "type": "flat_cache",
                              "argument": {

                                "type": "interpolated",
                                "argument": {

                                  "type": "end_islands"
                                }
                              }
                            }
                          },
                          "argument2": 0.5
                        },
                        "argument2": 20
                      },
                      "argument2": 4
                    },
                    "argument2": {

                      "type": "y_clamped_gradient",
                      "from_y": -64,
                      "to_y": 264,
                      "from_value": 0,
                      "to_value": -5
                    }
                  }
                }
              },
              "argument2": {

                "type": "clamp",
                "min": -5,
                "max": 1.5,
                "input": {

                  "type": "mul",
                  "argument1": {

                    "type": "noise",
                    "noise": "minecraft:surface",
                    "xz_scale": 0.6,
                    "y_scale": 0.7999999999999999
                  },
                  "argument2": 1.3
                }
              }
            }
          }
        },
        "argument2": {

          "type": "squeeze",
          "argument": {

            "type": "mul",
            "argument1": 0.52,
            "argument2": {

              "type": "interpolated",
              "argument": {

                "type": "blend_density",
                "argument": {

                  "type": "add",
                  "argument1": -0.1,
                  "argument2": {

                    "type": "mul",
                    "argument1": {

                      "type": "y_clamped_gradient",
                      "from_y": -128,
                      "to_y": 0,
                      "from_value": 0,
                      "to_value": 0.97
                    },
                    "argument2": {

                      "type": "add",
                      "argument1": 0.25,
                      "argument2": {

                        "type": "add",
                        "argument1": -23.5,
                        "argument2": {

                          "type": "mul",
                          "argument1": {

                            "type": "y_clamped_gradient",
                            "from_y": 180,
                            "to_y": 400,
                            "from_value": 0.97,
                            "to_value": 0
                          },
                          "argument2": {

                            "type": "add",
                            "argument1": 23.7,
                            "argument2": "minecraft:end/base_3d_noise"
                          }
                        }
                      }
                    }
                  }
                }
              }
            }
          }
        }
      }
    },
    "vein_toggle": {
      "type": "minecraft:interpolated",
      "argument": {
        "type": "minecraft:range_choice",
        "input": "minecraft:y",
        "min_inclusive": -60,
        "max_exclusive": 51,
        "when_in_range": {
          "type": "minecraft:noise",
          "noise": "minecraft:ore_veininess",
          "xz_scale": 1.5,
          "y_scale": 1.5
        },
        "when_out_of_range": 0
      }
    },
    "vein_ridged": {
      "type": "minecraft:add",
      "argument1": -0.07999999821186066,
      "argument2": {
        "type": "minecraft:max",
        "argument1": {
          "type": "minecraft:abs",
          "argument": {
            "type": "minecraft:interpolated",
            "argument": {
              "type": "minecraft:range_choice",
              "input": "minecraft:y",
              "min_inclusive": -60,
              "max_exclusive": 51,
              "when_in_range": {
                "type": "minecraft:noise",
                "noise": "minecraft:ore_vein_a",
                "xz_scale": 4,
                "y_scale": 4
              },
              "when_out_of_range": 0
            }
          }
        },
        "argument2": {
          "type": "minecraft:abs",
          "argument": {
            "type": "minecraft:interpolated",
            "argument": {
              "type": "minecraft:range_choice",
              "input": "minecraft:y",
              "min_inclusive": -60,
              "max_exclusive": 51,
              "when_in_range": {
                "type": "minecraft:noise",
                "noise": "minecraft:ore_vein_b",
                "xz_scale": 4,
                "y_scale": 4
              },
              "when_out_of_range": 0
            }
          }
        }
      }
    },
    "vein_gap": {
      "type": "minecraft:noise",
      "noise": "minecraft:ore_gap",
      "xz_scale": 1,
      "y_scale": 1
    }
  },
  "spawn_target": [],
  "surface_rule": {
    "type": "minecraft:sequence",
    "sequence": [
      {
        "type": "minecraft:condition",
        "if_true": {
          "type": "minecraft:vertical_gradient",
          "random_name": "minecraft:bedrock_floor",
          "true_at_and_below": {
            "above_bottom": -16
          },
          "false_at_and_above": {
            "above_bottom": -11
          }
        },
        "then_run": {
          "type": "minecraft:block",
          "result_state": {
            "Name": "minecraft:bedrock"
          }
        }
      },
      {
        "type": "minecraft:condition",
        "if_true": {
          "type": "minecraft:vertical_gradient",
          "random_name": "minecraft:deepslate",
          "true_at_and_below": {
            "absolute": 0
          },
          "false_at_and_above": {
            "absolute": 8
          }
        },
        "then_run": {
          "type": "minecraft:block",
          "result_state": {
            "Name": "minecraft:deepslate",
            "Properties": {
              "axis": "y"
            }
          }
        }
      },
      {
        "type": "minecraft:condition",
        "if_true": {
          "type": "minecraft:stone_depth",
          "offset": 0,
          "surface_type": "floor",
          "add_surface_depth": false,
          "secondary_depth_range": 0
        },
        "then_run": {
          "type": "minecraft:condition",
          "if_true": {
            "type": "minecraft:water",
            "offset": 0,
            "surface_depth_multiplier": 0,
            "add_stone_depth": false
          },
          "then_run": {
            "type": "minecraft:block",
            "result_state": {
              "Name": "minecraft:grass_block",
              "Properties": {
                "snowy": "false"
              }
            }
          }
        }
      },
      {
        "type": "minecraft:condition",
        "if_true": {
          "type": "minecraft:stone_depth",
          "offset": 0,
          "surface_type": "floor",
          "add_surface_depth": true,
          "secondary_depth_range": 1
        },
        "then_run": {
          "type": "minecraft:sequence",
          "sequence": [
            {
              "type": "minecraft:condition",
              "if_true": {
                "type": "minecraft:water",
                "offset": 0,
                "surface_depth_multiplier": 0,
                "add_stone_depth": true
              },
              "then_run": {
                "type": "minecraft:block",
                "result_state": {
                  "Name": "minecraft:dirt"
                }
              }
            },
            {
              "type": "minecraft:block",
              "result_state": {
                "Name": "minecraft:sand"
              }
            }
          ]
        }
      }
    ]
  }
}
