{
  "sea_level": -64,
  "disable_mob_generation": false,
  "aquifers_enabled": false,
  "ore_veins_enabled": true,
  "legacy_random_source": false,
  "default_block": {
    "Name": "minecraft:stone"
  },
  "default_fluid": {
    "Name": "minecraft:water",
    "Properties": {
      "level": "0"
    }
  },
  "noise": {
    "min_y": -64,
    "height": 512,
    "size_horizontal": 1,
    "size_vertical": 1
  },
  "noise_router": {
    "barrier": {
      "type": "minecraft:noise",
      "noise": "minecraft:aquifer_barrier",
      "xz_scale": 0.1,
      "y_scale": 0.1
    },
    "fluid_level_floodedness": 0,
    "fluid_level_spread": {
      "type": "minecraft:noise",
      "noise": "minecraft:aquifer_fluid_level_spread",
      "xz_scale": 0,
      "y_scale": 0
    },
    "lava": {
      "type": "minecraft:noise",
      "noise": "minecraft:aquifer_lava",
      "xz_scale": 1,
      "y_scale": 1
    },
    "temperature": {"type":"constant","argument": 0},
    "vegetation": {

      "type": "clamp",
      "min": -1,
      "max": 1,
      "input": {

        "type": "add",
        "argument1": 0.8200000000000001,
        "argument2": {

          "type": "mul",
          "argument1": 1.8,
          "argument2": {

            "type": "interpolated",
            "argument": {

              "type": "add",
              "argument1": {

                "type": "min",
                "argument1": {

                  "type": "clamp",
                  "min": -0.7999999999999999,
                  "max": 0,
                  "input": {

                    "type": "cache_2d",
                    "argument": {

                      "type": "minecraft:spline",
                      "spline": {
                        "coordinate": {

                          "type": "mul",
                          "argument1": {

                            "type": "noise",
                            "noise": "minecraft:calcite",
                            "xz_scale": 7,
                            "y_scale": 1.5000000000000002
                          },
                          "argument2": -2
                        },
                        "points": [
                          {
                            "location": -1,
                            "value": -1,
                            "derivative": 1
                          },
                          {
                            "location": 0.335797566236401,
                            "value": -0.7639028341542085,
                            "derivative": 0
                          },
                          {
                            "location": 1,
                            "value": 1,
                            "derivative": 1
                          }
                        ]
                      }
                    }
                  }
                },
                "argument2": {

                  "type": "clamp",
                  "min": -1.5000000000000002,
                  "max": 0,
                  "input": {

                    "type": "add",
                    "argument1": {

                      "type": "clamp",
                      "min": -10,
                      "max": 2,
                      "input": {

                        "type": "interpolated",
                        "argument": {

                          "type": "add",
                          "argument1": {

                            "type": "add",
                            "argument1": {

                              "type": "mul",
                              "argument1": {

                                "type": "cache_2d",
                                "argument": {

                                  "type": "flat_cache",
                                  "argument": {

                                    "type": "interpolated",
                                    "argument": {

                                      "type": "end_islands"
                                    }
                                  }
                                }
                              },
                              "argument2": 20
                            },
                            "argument2": 1.6
                          },
                          "argument2": {

                            "type": "y_clamped_gradient",
                            "from_y": 0,
                            "to_y": 200,
                            "from_value": 0,
                            "to_value": -8
                          }
                        }
                      }
                    },
                    "argument2": {

                      "type": "clamp",
                      "min": -5,
                      "max": 1.5,
                      "input": {

                        "type": "mul",
                        "argument1": {

                          "type": "noise",
                          "noise": "minecraft:surface",
                          "xz_scale": 0.6,
                          "y_scale": 0.7999999999999999
                        },
                        "argument2": 1.3
                      }
                    }
                  }
                }
              },
              "argument2": {

                "type": "add",
                "argument1": {

                  "type": "y_clamped_gradient",
                  "from_y": 70,
                  "to_y": 90,
                  "from_value": -0.5,
                  "to_value": 0.30000000000000004
                },
                "argument2": {

                  "type": "mul",
                  "argument1": 2,
                  "argument2": {

                    "type": "add",
                    "argument1": {

                      "type": "squeeze",
                      "argument": {

                        "type": "add",
                        "argument1": {

                          "type": "y_clamped_gradient",
                          "from_y": -12,
                          "to_y": 20,
                          "from_value": -0.6000000000000001,
                          "to_value": 0
                        },
                        "argument2": {

                          "type": "y_clamped_gradient",
                          "from_y": 20,
                          "to_y": 256,
                          "from_value": -0.00001,
                          "to_value": -0.30000000000000004
                        }
                      }
                    },
                    "argument2": {

                      "type": "squeeze",
                      "argument": {

                        "type": "add",
                        "argument1": {

                          "type": "squeeze",
                          "argument": {

                            "type": "clamp",
                            "min": -0.001,
                            "max": 4.999999999999999,
                            "input": {

                              "type": "add",
                              "argument1": {

                                "type": "add",
                                "argument1": 0,
                                "argument2": {

                                  "type": "add",
                                  "argument1": {

                                    "type": "add",
                                    "argument1": 0.1,
                                    "argument2": {

                                      "type": "y_clamped_gradient",
                                      "from_y": 150,
                                      "to_y": 210,
                                      "from_value": 0,
                                      "to_value": -1.5
                                    }
                                  },
                                  "argument2": {

                                    "type": "noise",
                                    "noise": "minecraft:gravel",
                                    "xz_scale": 1.9000000000000004,
                                    "y_scale": 0.7
                                  }
                                }
                              },
                              "argument2": {

                                "type": "y_clamped_gradient",
                                "from_y": 50,
                                "to_y": 120,
                                "from_value": 0.30000000000000004,
                                "to_value": 0
                              }
                            }
                          }
                        },
                        "argument2": 2.7755575615628914e-17
                      }
                    }
                  }
                }
              }
            }
          }
        }
      }
    },
    "continents": {"type":"constant","argument": 0},
    "erosion": {"type":"constant","argument": 0},
    "depth": {
      "type": "minecraft:y_clamped_gradient",
      "from_y": 50,
      "to_y": 70,
      "from_value": -1,
      "to_value": 1
    },
    "ridges": {"type":"constant","argument": 0},
    "initial_density_without_jaggedness": 0,
    "final_density": {

      "type": "squeeze",
      "argument": {

        "type": "max",
        "argument1": {

          "type": "squeeze",
          "argument": {

            "type": "add",
            "argument1": {

              "type": "add",
              "argument1": {

                "type": "add",
                "argument1": {

                  "type": "noise",
                  "noise": "minecraft:surface_secondary",
                  "xz_scale": 0.2,
                  "y_scale": 1.3
                },
                "argument2": {

                  "type": "y_clamped_gradient",
                  "from_y": 60,
                  "to_y": 100,
                  "from_value": 0,
                  "to_value": -2
                }
              },
              "argument2": {

                "type": "add",
                "argument1": {

                  "type": "y_clamped_gradient",
                  "from_y": 60,
                  "to_y": 100,
                  "from_value": 0.7999999999999999,
                  "to_value": 0
                },
                "argument2": {

                  "type": "y_clamped_gradient",
                  "from_y": -64,
                  "to_y": -32,
                  "from_value": 2,
                  "to_value": 0
                }
              }
            },
            "argument2": {

              "type": "clamp",
              "min": -5.9999999999999964,
              "max": 0,
              "input": {

                "type": "mul",
                "argument1": {

                  "type": "add",
                  "argument1": {

                    "type": "noise",
                    "noise": "minecraft:cave_cheese",
                    "xz_scale": 1,
                    "y_scale": 2
                  },
                  "argument2": {

                    "type": "y_clamped_gradient",
                    "from_y": 20,
                    "to_y": 70,
                    "from_value": -0.1,
                    "to_value": -6
                  }
                },
                "argument2": -2.5
              }
            }
          }
        },
        "argument2": {

          "type": "add",
          "argument1": {

            "type": "min",
            "argument1": {

              "type": "clamp",
              "min": -0.7999999999999999,
              "max": 0,
              "input": {

                "type": "cache_2d",
                "argument": {

                  "type": "minecraft:spline",
                  "spline": {
                    "coordinate": {

                      "type": "mul",
                      "argument1": {

                        "type": "noise",
                        "noise": "minecraft:calcite",
                        "xz_scale": 7,
                        "y_scale": 1.5000000000000002
                      },
                      "argument2": -2
                    },
                    "points": [
                      {
                        "location": -1,
                        "value": -1,
                        "derivative": 1
                      },
                      {
                        "location": 0.335797566236401,
                        "value": -0.7639028341542085,
                        "derivative": 0
                      },
                      {
                        "location": 1,
                        "value": 1,
                        "derivative": 1
                      }
                    ]
                  }
                }
              }
            },
            "argument2": {

              "type": "clamp",
              "min": -0.7999999999999998,
              "max": 0,
              "input": {

                "type": "add",
                "argument1": {

                  "type": "clamp",
                  "min": -10,
                  "max": 2,
                  "input": {

                    "type": "interpolated",
                    "argument": {

                      "type": "add",
                      "argument1": {

                        "type": "add",
                        "argument1": {

                          "type": "mul",
                          "argument1": {

                            "type": "cache_2d",
                            "argument": {

                              "type": "flat_cache",
                              "argument": {

                                "type": "interpolated",
                                "argument": {

                                  "type": "end_islands"
                                }
                              }
                            }
                          },
                          "argument2": 20
                        },
                        "argument2": 1.6
                      },
                      "argument2": {

                        "type": "y_clamped_gradient",
                        "from_y": 0,
                        "to_y": 200,
                        "from_value": 0,
                        "to_value": -8
                      }
                    }
                  }
                },
                "argument2": {

                  "type": "clamp",
                  "min": -5,
                  "max": 1.5,
                  "input": {

                    "type": "mul",
                    "argument1": {

                      "type": "noise",
                      "noise": "minecraft:surface",
                      "xz_scale": 0.6,
                      "y_scale": 0.7999999999999999
                    },
                    "argument2": 1.3
                  }
                }
              }
            }
          },
          "argument2": {

            "type": "mul",
            "argument1": 2,
            "argument2": {

              "type": "add",
              "argument1": {

                "type": "squeeze",
                "argument": {

                  "type": "add",
                  "argument1": {

                    "type": "y_clamped_gradient",
                    "from_y": -12,
                    "to_y": 20,
                    "from_value": -0.6000000000000001,
                    "to_value": 0
                  },
                  "argument2": {

                    "type": "y_clamped_gradient",
                    "from_y": 20,
                    "to_y": 256,
                    "from_value": -0.00001,
                    "to_value": -0.30000000000000004
                  }
                }
              },
              "argument2": {

                "type": "squeeze",
                "argument": {

                  "type": "add",
                  "argument1": {

                    "type": "squeeze",
                    "argument": {

                      "type": "clamp",
                      "min": -0.001,
                      "max": 4.999999999999999,
                      "input": {

                        "type": "add",
                        "argument1": {

                          "type": "add",
                          "argument1": 0,
                          "argument2": {

                            "type": "add",
                            "argument1": {

                              "type": "add",
                              "argument1": 0.1,
                              "argument2": {

                                "type": "y_clamped_gradient",
                                "from_y": 150,
                                "to_y": 210,
                                "from_value": 0,
                                "to_value": -1.5
                              }
                            },
                            "argument2": {

                              "type": "noise",
                              "noise": "minecraft:gravel",
                              "xz_scale": 1.9000000000000004,
                              "y_scale": 0.7
                            }
                          }
                        },
                        "argument2": {

                          "type": "y_clamped_gradient",
                          "from_y": 50,
                          "to_y": 120,
                          "from_value": 0.30000000000000004,
                          "to_value": 0
                        }
                      }
                    }
                  },
                  "argument2": 2.7755575615628914e-17
                }
              }
            }
          }
        }
      }
    },  
    "vein_toggle": {
      "type": "minecraft:interpolated",
      "argument": {
        "type": "minecraft:range_choice",
        "input": "minecraft:y",
        "min_inclusive": -60,
        "max_exclusive": 51,
        "when_in_range": {
          "type": "minecraft:noise",
          "noise": "minecraft:ore_veininess",
          "xz_scale": 1.5,
          "y_scale": 1.5
        },
        "when_out_of_range": 0
      }
    },
    "vein_ridged": {
      "type": "minecraft:add",
      "argument1": -0.07999999821186066,
      "argument2": {
        "type": "minecraft:max",
        "argument1": {
          "type": "minecraft:abs",
          "argument": {
            "type": "minecraft:interpolated",
            "argument": {
              "type": "minecraft:range_choice",
              "input": "minecraft:y",
              "min_inclusive": -60,
              "max_exclusive": 51,
              "when_in_range": {
                "type": "minecraft:noise",
                "noise": "minecraft:ore_vein_a",
                "xz_scale": 4,
                "y_scale": 4
              },
              "when_out_of_range": 0
            }
          }
        },
        "argument2": {
          "type": "minecraft:abs",
          "argument": {
            "type": "minecraft:interpolated",
            "argument": {
              "type": "minecraft:range_choice",
              "input": "minecraft:y",
              "min_inclusive": -60,
              "max_exclusive": 51,
              "when_in_range": {
                "type": "minecraft:noise",
                "noise": "minecraft:ore_vein_b",
                "xz_scale": 4,
                "y_scale": 4
              },
              "when_out_of_range": 0
            }
          }
        }
      }
    },
    "vein_gap": {
      "type": "minecraft:noise",
      "noise": "minecraft:ore_gap",
      "xz_scale": 1,
      "y_scale": 1
    }
  },
  "spawn_target": [],
"surface_rule": {
    "type": "minecraft:sequence",
    "sequence": [
      {
        "type": "minecraft:condition",
        "if_true": {
          "type": "minecraft:vertical_gradient",
          "random_name": "minecraft:bedrock_floor",
          "true_at_and_below": {
            "absolute": -64
          },
          "false_at_and_above": {
            "absolute": -61
          }
        },
        "then_run": {
          "type": "minecraft:block",
          "result_state": {
            "Name": "minecraft:bedrock"
          }
        }
      },
      {
        "type": "minecraft:condition",
        "if_true": {
          "type": "minecraft:vertical_gradient",
          "random_name": "minecraft:deepslate",
          "true_at_and_below": {
            "absolute": 0
          },
          "false_at_and_above": {
            "absolute": 8
          }
        },
        "then_run": {
          "type": "minecraft:sequence",
          "sequence": [
            {
              "type": "minecraft:condition",
              "if_true": {
                "type": "minecraft:noise_threshold",
                "noise": "minecraft:patch",
                "min_threshold": 0.17,
                "max_threshold": 4
              },
              "then_run": {
                "type": "minecraft:block",
                "result_state": {
                  "Name": "minecraft:smooth_sandstone"
                }
              }
            },
            {
              "type": "minecraft:block",
              "result_state": {
                "Name": "minecraft:deepslate"
              }
            }
          ]
        }
      },
      {
        "type": "minecraft:condition",
        "if_true": {
          "type": "minecraft:biome",
          "biome_is": [
            "mystworlds:wasteland_volcano"
          ]
        },
        "then_run": {
          "type": "minecraft:sequence",
          "sequence": [
            {
              "type": "minecraft:condition",
              "if_true": {
                "type": "minecraft:steep"
              },
              "then_run": {
                "type": "minecraft:block",
                "result_state": {
                  "Name": "minecraft:blackstone"
                }
              }
            },
            {
              "type": "minecraft:sequence",
              "sequence": [
                {
                  "type": "minecraft:condition",
                  "if_true": {
                    "type": "minecraft:stone_depth",
                    "offset": 25,
                    "surface_type": "floor",
                    "add_surface_depth": false,
                    "secondary_depth_range": 0
                  },
                  "then_run": {
                    "type": "minecraft:sequence",
                    "sequence": [
                      {
                        "type": "minecraft:condition",
                        "if_true": {
                          "type": "minecraft:noise_threshold",
                          "noise": "minecraft:aquifer_barrier",
                          "min_threshold": 0,
                          "max_threshold": 4
                        },
                        "then_run": {
                          "type": "minecraft:block",
                          "result_state": {
                            "Name": "minecraft:smooth_basalt"
                          }
                        }
                      },
                      {
                        "type": "minecraft:block",
                        "result_state": {
                          "Name": "minecraft:blackstone"
                        }
                      }
                    ]
                  }
                }
              ]
            },
            {
              "type": "minecraft:block",
              "result_state": {
                "Name": "minecraft:smooth_basalt"
              }
            }
          ]
        }
      },
      {
        "type": "minecraft:condition",
        "if_true": {
          "type": "minecraft:biome",
          "biome_is": [
            "mystworlds:wasteland_underground"
          ]
        },
        "then_run": {
          "type": "minecraft:sequence",
          "sequence": [
            {
              "type": "minecraft:condition",
              "if_true": {
                "type": "minecraft:noise_threshold",
                "noise": "minecraft:patch",
                "min_threshold": 0.17,
                "max_threshold": 4
              },
              "then_run": {
                "type": "minecraft:block",
                "result_state": {
                  "Name": "minecraft:smooth_sandstone"
                }
              }
            },
            {
              "type": "minecraft:block",
              "result_state": {
                "Name": "minecraft:stone"
              }
            }
          ]
        }
      },
      {
        "type": "minecraft:condition",
        "if_true": {
          "type": "minecraft:stone_depth",
          "offset": 1,
          "surface_type": "floor",
          "add_surface_depth": false,
          "secondary_depth_range": 0
        },
        "then_run": {
          "type": "minecraft:block",
          "result_state": {
            "Name": "minecraft:sand"
          }
        }
      },
      {
        "type": "minecraft:condition",
        "if_true": {
          "type": "minecraft:biome",
          "biome_is": [
            "mystworlds:wasteland_desert"
          ]
        },
        "then_run": {
          "type": "minecraft:block",
          "result_state": {
            "Name": "minecraft:sandstone"
          }
        }
      },
      {
        "type": "minecraft:block",
        "result_state": {
          "Name": "minecraft:stone"
        }
      }
    ]
  }
}
