{
	"fallback": "minecraft:empty",
	"elements": [
	  {
		"weight": 10,
		"element": {
		  "element_type": "minecraft:legacy_single_pool_element",
		  "projection": "rigid",
		  "location": "limbo:mushrooms/mushroom_square_1",
		  "processors": "minecraft:empty"
		}
	  },
	  {
		"weight": 10,
		"element": {
		  "element_type": "minecraft:legacy_single_pool_element",
		  "projection": "rigid",
		 "location": "limbo:mushrooms/mushroom_square_2",
		  "processors": "minecraft:empty"
		}
	  }
	]
  }
  