{
	"fallback": "minecraft:empty",
	"elements": [
	  {
		"weight": 10,
		"element": {
		  "element_type": "minecraft:legacy_single_pool_element",
		  "projection": "rigid",
		  "location": "limbo:mushrooms/mushroom_regular_1",
		  "processors": "minecraft:empty"
		}
	  },
	  {
		"weight": 10,
		"element": {
		  "element_type": "minecraft:legacy_single_pool_element",
		  "projection": "rigid",
		 "location": "limbo:mushrooms/mushroom_regular_2",
		  "processors": "minecraft:empty"
		}
	  },
	  {
		"weight": 10,
		"element": {
		  "element_type": "minecraft:legacy_single_pool_element",
		  "projection": "rigid",
		 "location": "limbo:mushrooms/mushroom_regular_3",
		  "processors": "minecraft:empty"
		}
	  }
	  ,
	  {
		"weight": 10,
		"element": {
		  "element_type": "minecraft:legacy_single_pool_element",
		  "projection": "rigid",
		 "location": "limbo:mushrooms/mushroom_regular_4",
		  "processors": "minecraft:empty"
		}
	  }
	]
  }
  