{
	"structures": [
	  {
		"structure": "limbo:mushroom_big",
		"weight": 10
	  },
	  {
		"structure": "limbo:mushroom_pointy",
		"weight": 40
	  },
	  {
		"structure": "limbo:mushroom_regular",
		"weight": 40
	  },
	  {
		"structure": "limbo:mushroom_weird",
		"weight": 10
	  },
	  {
		"structure": "limbo:mushroom_square",
		"weight": 20
	  },
	  {
		"structure": "limbo:mushroom_giga",
		"weight": 1
	  }
	],
	"placement": {
	  "type": "minecraft:random_spread",
	  "salt": 55534342,
	  "spacing": 2,
	  "separation": 0
	}
  }
  