{
	"ultrawarm": false,
	"natural": true,
	"piglin_safe": true,
	"respawn_anchor_works": false,
	"bed_works": true,
	"has_raids": false,
	"has_skylight": true,
	"has_ceiling": false,
	"coordinate_scale": 1,
	"ambient_light": 0.01,
	"fixed_time": 8000,
	"logical_height": 384,
	"effects": "minecraft:the_nether",
	"infiniburn": "#minecraft:infiniburn_overworld",
	"min_y": -48,
	"height": 384,
	"monster_spawn_light_level": {
	  "type": "minecraft:uniform",
	  "min_inclusive": 0,
	  "max_inclusive": 7
	},
	"monster_spawn_block_light_limit": 0
  }
  