{
	"feature": "limbo:cut_tree",
	"placement": [
	  {
		"type": "minecraft:count_on_every_layer",
		"count": {
		  "type": "minecraft:uniform",
		  "min_inclusive": 1,
		  "max_inclusive": 3
		}
	  },
	  {
		"type": "minecraft:heightmap",
		"heightmap": "MOTION_BLOCKING_NO_LEAVES"
	  },
	  {
		"type": "minecraft:biome"
	  },
	  {
		"type": "minecraft:block_predicate_filter",
		"predicate": {
		  "type": "minecraft:all_of",
		  "predicates": [
			{
			  "type": "minecraft:matching_blocks",
			  "blocks": "minecraft:air"
			},
			{
			  "type": "minecraft:matching_blocks",
			  "offset": [
				0,
				-1,
				0
			  ],
			  "blocks": "minecraft:black_concrete_powder"
			}
		  ]
		}
	  }
	]
  }
  