{
  "type": "minecraft:block",
  "pools": [
    {
      "rolls": 1,
      "bonus_rolls": 0,
      "entries": [
        {
          "type": "minecraft:item",
          "name": "minecraft:enchanting_table",
          "functions": [
            {
              "function": "minecraft:copy_name",
              "source": "block_entity"
            }
          ]
        }
      ],
      "conditions": [
        {
          "condition": "minecraft:location_check",
          "predicate": {
            "dimension": "minecraft:overworld"
          }
        },
        {
          "condition": "minecraft:survives_explosion"
        }
      ]
    },
    {
      "rolls": 1,
      "bonus_rolls": 0,
      "entries": [
        {
          "type": "minecraft:item",
          "name": "minecraft:enchanting_table",
          "functions": [
            {
              "function": "minecraft:copy_name",
              "source": "block_entity"
            }
          ]
        }
      ],
      "conditions": [
        {
          "condition": "minecraft:location_check",
          "predicate": {
            "dimension": "minecraft:the_end"
          }
        },
        {
          "condition": "minecraft:survives_explosion"
        }
      ]
    },
    {
      "rolls": 1,
      "bonus_rolls": 0,
      "entries": [
        {
          "type": "minecraft:item",
          "name": "minecraft:enchanting_table",
          "functions": [
            {
              "function": "minecraft:copy_name",
              "source": "block_entity"
            }
          ]
        }
      ],
      "conditions": [
        {
          "condition": "minecraft:location_check",
          "predicate": {
            "dimension": "minecraft:the_nether"
          }
        },
        {
          "condition": "minecraft:survives_explosion"
        }
      ]
    },
    {
      "rolls": 1,
      "bonus_rolls": 0,
      "entries": [
        {
          "type": "minecraft:empty"
        }
      ],
      "conditions": [
        {
          "condition": "minecraft:location_check",
          "predicate": {
            "dimension": "limbo:limbo_dim"
          }
        }
      ]
    }
  ],
  "random_sequence": "minecraft:blocks/enchanting_table"
}
