{
	"type": "minecraft:jigsaw",
	"biomes": [
	  "limbo:isolation",
	  "limbo:change"
	],
	"step": "surface_structures",
	"spawn_overrides": {
	  "monster": {
		"bounding_box": "full",
		"spawns": [
		  {
			"type": "minecraft:vindicator",
			"weight": 1,
			"minCount": 1,
			"maxCount": 1
		  },
		  {
			"type": "minecraft:pillager",
			"weight": 1,
			"minCount": 1,
			"maxCount": 3
		  }
		]
	  }
	},
	"terrain_adaptation": "beard_box",
	"start_pool": "limbo:fort",
	"size": 1,
	"start_height": {
	  "absolute": -1
	},
	"project_start_to_heightmap": "MOTION_BLOCKING",
	"max_distance_from_center": 80,
	"use_expansion_hack": true
  }
  