{
	"type": "minecraft:jigsaw",
	"biomes": "limbo:blossom",
	"step": "raw_generation",
	"spawn_overrides": {
	  "water_creature": {
		"bounding_box": "full",
		"spawns": [
		  {
			"type": "minecraft:tropical_fish",
			"weight": 1,
			"minCount": 3,
			"maxCount": 5
		  }
		]
	  }
	},
	"terrain_adaptation": "beard_box",
	"start_pool": "limbo:oasis",
	"size": 1,
	"start_height": {
	  "absolute": -1
	},
	"project_start_to_heightmap": "WORLD_SURFACE",
	"max_distance_from_center": 80,
	"use_expansion_hack": true
  }