{
  "type": "minecraft:chest",
  "pools": [
    {
      "rolls": 1,
      "bonus_rolls": 0,
      "entries": [
        {
          "type": "minecraft:item",
          "name": "minecraft:player_head",
          "weight": 5,
          "functions": [
            {
              "function": "minecraft:set_components",
              "components": {
                "minecraft:custom_name": {"text":"Orb of Transmutation","color":"gray","bold":true},
                "minecraft:profile": {
                  "name": "",
                  "id": [-319079917, 1158563260, -1464689321, -159001546],
                  "properties": [
                    {
                      "name": "textures",
                      "value": "eyJ0ZXh0dXJlcyI6eyJTS0lOIjp7InVybCI6Imh0dHA6Ly90ZXh0dXJlcy5taW5lY3JhZnQubmV0L3RleHR1cmUvNTYyMmMzMGMzOGYyNmI1NTk0YjAwOGNmZGVlNDQyMGNkMDUzODU3MjZhOTc5MWI2Yjg0MTQ0MTQyMjJiMDAxYSJ9fX0="
                    }
                  ]
                }
              }
            }
          ]
        }
      ]
    }
  ],
  "random_sequence": "minecraft:chests/shipwreck_map"
}
