{
	"type": "minecraft:tree",
	"config": {
	  "ignore_vines": true,
	  "force_dirt": false,
	  "minimum_size": {
		"type": "minecraft:two_layers_feature_size",
		"limit": 1,
		"lower_size": 0,
		"upper_size": 1
	  },
	  "dirt_provider": {
		"type": "minecraft:simple_state_provider",
		"state": {
		  "Name": "minecraft:black_concrete_powder"
		}
	  },
	  "trunk_provider": {
		"type": "minecraft:simple_state_provider",
		"state": {
		  "Name": "minecraft:black_concrete"
		}
	  },
	  "foliage_provider": {
		"type": "minecraft:simple_state_provider",
		"state": {
		  "Name": "minecraft:air"
		}
	  },
	  "trunk_placer": {
		"type": "minecraft:giant_trunk_placer",
		"base_height": 3,
		"height_rand_a": 1,
		"height_rand_b": 10
	  },
	  "foliage_placer": {
		"type": "minecraft:fancy_foliage_placer",
		"radius": 0,
		"offset": 0,
		"height": 0
	  },
	  "decorators": []
	}
  }
  