{
  "type": "minecraft:fishing",
  "pools": [
    {
      "rolls": 1,
      "entries": [
        {
          "type": "minecraft:group",
          "children": [
            {
              "type": "minecraft:item",
              "name": "minecraft:paper",
              "weight": 1,
              "functions": [
                {
                  "function": "minecraft:set_components",
                  "components": {
                    "minecraft:custom_name": {"text":"Fisherman's note"},
                    "minecraft:lore": [
                      {"text":"Had more luck on deeper waters"}
                    ]
                  }
                }
              ]
            },
            {
              "type": "minecraft:item",
              "name": "minecraft:black_dye",
              "weight": 10
            },
            {
              "type": "minecraft:item",
              "name": "minecraft:brown_mushroom",
              "weight": 10
            }
          ],
          "conditions": [
            {
              "condition": "minecraft:entity_properties",
              "entity": "this",
              "predicate": {
                "type_specific": {
                  "type": "minecraft:fishing_hook",
                  "in_open_water": false
                }
              }
            },
            {
              "condition": "minecraft:location_check",
              "predicate": {
                "dimension": "limbo:limbo_dim"
              }
            }
          ]
        },
        {
          "type": "minecraft:loot_table",
          "value": "limbo:gameplay/fishing_old",
          "weight": 1,
          "conditions": [
            {
              "condition": "minecraft:location_check",
              "predicate": {
                "dimension": "minecraft:overworld"
              }
            }
          ]
        },
        {
          "type": "minecraft:loot_table",
          "value": "limbo:gameplay/fishing_limbo",
          "weight": 1,
          "conditions": [
            {
              "condition": "minecraft:entity_properties",
              "entity": "this",
              "predicate": {
                "type_specific": {
                  "type": "minecraft:fishing_hook",
                  "in_open_water": true
                }
              }
            },
            {
              "condition": "minecraft:location_check",
              "predicate": {
                "dimension": "limbo:limbo_dim"
              }
            }
          ]
        }
      ]
    }
  ],
  "random_sequence": "minecraft:gameplay/fishing"
}
